id,label
1,地址/地标
2,美食
3,无意义/闲聊
4,美食
5,美食
6,其他生活服务
7,其他生活服务
8,地址/地标
9,无意义/闲聊
10,美食
11,无意义/闲聊
12,无意义/闲聊
13,美食
14,美食
15,美食
16,美食
17,地址/地标
18,其他生活服务
19,美食
20,其他生活服务
21,美食
22,地址/地标
23,美食
24,无意义/闲聊
25,其他生活服务
26,其他生活服务
27,美食
28,无意义/闲聊
29,无意义/闲聊
30,无意义/闲聊
31,美食
32,美食
33,美食
34,美食
35,其他生活服务
36,超市
37,其他生活服务
38,美食
39,其他生活服务
40,其他生活服务
41,美食
42,其他生活服务
43,美食
44,其他生活服务
45,无意义/闲聊
46,美食
47,无意义/闲聊
48,超市
49,美食
50,无意义/闲聊
51,其他生活服务
52,其他生活服务
53,美食
54,美食
55,其他生活服务
56,美食
57,其他生活服务
58,无意义/闲聊
59,美食
60,美食
61,美食
62,美食
63,美食
64,美食
65,美食
66,无意义/闲聊
67,其他生活服务
68,美食
69,其他生活服务
70,无意义/闲聊
71,美食
72,其他生活服务
73,无意义/闲聊
74,无意义/闲聊
75,美食
76,美食
77,地址/地标
78,美食
79,无意义/闲聊
80,无意义/闲聊
81,其他生活服务
82,无意义/闲聊
83,其他生活服务
84,美食
85,美食
86,美食
87,美食
88,美食
89,美食
90,美食
91,地址/地标
92,无意义/闲聊
93,无意义/闲聊
94,美食
95,无意义/闲聊
96,无意义/闲聊
97,其他生活服务
98,其他生活服务
99,无意义/闲聊
100,美食
101,美食
102,美食
103,其他生活服务
104,美食
105,其他生活服务
106,其他生活服务
107,其他生活服务
108,美食
109,美食
110,美食
111,其他生活服务
112,无意义/闲聊
113,美食
114,美食
115,美食
116,其他生活服务
117,地址/地标
118,美食
119,其他生活服务
120,无意义/闲聊
121,美食
122,美食
123,美食
124,地址/地标
125,美食
126,美食
127,其他生活服务
128,其他生活服务
129,美食
130,无意义/闲聊
131,其他生活服务
132,无意义/闲聊
133,美食
134,其他生活服务
135,美食
136,美食
137,其他生活服务
138,美食
139,其他生活服务
140,美食
141,无意义/闲聊
142,美食
143,无意义/闲聊
144,其他生活服务
145,其他生活服务
146,美食
147,无意义/闲聊
148,其他生活服务
149,无意义/闲聊
150,美食
151,其他生活服务
152,美食
153,无意义/闲聊
154,美食
155,美食
156,美食
157,美食
158,美食
159,美食
160,超市
161,美食
162,无意义/闲聊
163,美食
164,其他生活服务
165,无意义/闲聊
166,美食
167,无意义/闲聊
168,交通
169,其他生活服务
170,美食
171,其他生活服务
172,无意义/闲聊
173,无意义/闲聊
174,美食
175,旅游
176,美食
177,超市
178,美食
179,美食
180,无意义/闲聊
181,美食
182,其他生活服务
183,超市
184,美食
185,美食
186,美食
187,美食
188,美食
189,美食
190,美食
191,无意义/闲聊
192,美食
193,美食
194,美食
195,其他生活服务
196,美食
197,电影
198,美食
199,其他生活服务
200,无意义/闲聊
201,美食
202,美食
203,其他生活服务
204,其他生活服务
205,其他生活服务
206,美食
207,无意义/闲聊
208,其他生活服务
209,美食
210,美食
211,美食
212,美食
213,其他生活服务
214,美食
215,其他生活服务
216,其他生活服务
217,美食
218,其他生活服务
219,地址/地标
220,旅游
221,其他生活服务
222,美食
223,美食
224,美食
225,地址/地标
226,美食
227,地址/地标
228,无意义/闲聊
229,其他生活服务
230,其他生活服务
231,其他生活服务
232,美食
233,美食
234,无意义/闲聊
235,美食
236,地址/地标
237,美食
238,其他生活服务
239,美食
240,美食
241,无意义/闲聊
242,超市
243,美食
244,美食
245,无意义/闲聊
246,美食
247,其他生活服务
248,美食
249,无意义/闲聊
250,其他生活服务
251,美食
252,美食
253,地址/地标
254,美食
255,无意义/闲聊
256,其他生活服务
257,旅游
258,无意义/闲聊
259,其他生活服务
260,无意义/闲聊
261,美食
262,无意义/闲聊
263,其他生活服务
264,美食
265,其他生活服务
266,美食
267,美食
268,无意义/闲聊
269,美食
270,美食
271,其他生活服务
272,美食
273,无意义/闲聊
274,美食
275,无意义/闲聊
276,其他生活服务
277,无意义/闲聊
278,地址/地标
279,无意义/闲聊
280,地址/地标
281,其他生活服务
282,无意义/闲聊
283,美食
284,按摩
285,其他生活服务
286,超市
287,其他生活服务
288,超市
289,无意义/闲聊
290,美食
291,其他生活服务
292,其他生活服务
293,无意义/闲聊
294,美食
295,无意义/闲聊
296,无意义/闲聊
297,超市
298,其他生活服务
299,其他生活服务
300,美食
301,美食
302,无意义/闲聊
303,美食
304,其他生活服务
305,无意义/闲聊
306,其他生活服务
307,美食
308,无意义/闲聊
309,美食
310,美食
311,交通
312,其他生活服务
313,美食
314,美食
315,其他生活服务
316,其他生活服务
317,其他生活服务
318,无意义/闲聊
319,无意义/闲聊
320,无意义/闲聊
321,美食
322,美食
323,无意义/闲聊
324,美食
325,美食
326,按摩
327,美食
328,美食
329,美食
330,美食
331,无意义/闲聊
332,旅游
333,美食
334,其他生活服务
335,旅游
336,美食
337,其他生活服务
338,美食
339,无意义/闲聊
340,美食
341,美食
342,美食
343,无意义/闲聊
344,美食
345,无意义/闲聊
346,美食
347,美食
348,美食
349,美食
350,美食
351,无意义/闲聊
352,无意义/闲聊
353,旅游
354,无意义/闲聊
355,美食
356,其他生活服务
357,其他生活服务
358,美食
359,其他生活服务
360,其他生活服务
361,其他生活服务
362,美食
363,地址/地标
364,其他生活服务
365,美食
366,旅游
367,美食
368,其他生活服务
369,美食
370,美食
371,美食
372,美食
373,其他生活服务
374,美食
375,无意义/闲聊
376,美食
377,无意义/闲聊
378,其他生活服务
379,其他生活服务
380,其他生活服务
381,电影
382,无意义/闲聊
383,其他生活服务
384,美食
385,美食
386,美食
387,美食
388,美食
389,无意义/闲聊
390,地址/地标
391,其他生活服务
392,美食
393,其他生活服务
394,美食
395,美食
396,无意义/闲聊
397,美食
398,美食
399,其他生活服务
400,无意义/闲聊
401,美食
402,其他生活服务
403,地址/地标
404,其他生活服务
405,其他生活服务
406,地址/地标
407,美食
408,其他生活服务
409,无意义/闲聊
410,无意义/闲聊
411,美食
412,其他生活服务
413,超市
414,美食
415,其他生活服务
416,美食
417,其他生活服务
418,美食
419,其他生活服务
420,美食
421,其他生活服务
422,其他生活服务
423,美食
424,美食
425,美食
426,其他生活服务
427,其他生活服务
428,其他生活服务
429,无意义/闲聊
430,无意义/闲聊
431,其他生活服务
432,无意义/闲聊
433,美食
434,美食
435,美食
436,无意义/闲聊
437,美食
438,无意义/闲聊
439,美食
440,其他生活服务
441,美食
442,美食
443,美食
444,美食
445,美食
446,美食
447,无意义/闲聊
448,美食
449,无意义/闲聊
450,地址/地标
451,旅游
452,其他生活服务
453,美食
454,美食
455,无意义/闲聊
456,美食
457,其他生活服务
458,其他生活服务
459,美食
460,其他生活服务
461,美食
462,美食
463,美食
464,其他生活服务
465,美食
466,其他生活服务
467,美食
468,无意义/闲聊
469,无意义/闲聊
470,其他生活服务
471,美食
472,美食
473,美食
474,其他生活服务
475,地址/地标
476,美食
477,美食
478,美食
479,无意义/闲聊
480,无意义/闲聊
481,美食
482,无意义/闲聊
483,美食
484,其他生活服务
485,其他生活服务
486,美食
487,其他生活服务
488,旅游
489,美食
490,超市
491,美食
492,美食
493,美食
494,无意义/闲聊
495,美食
496,其他生活服务
497,美食
498,美食
499,美食
500,美食
501,无意义/闲聊
502,无意义/闲聊
503,无意义/闲聊
504,美食
505,按摩
506,美食
507,其他生活服务
508,无意义/闲聊
509,美食
510,其他生活服务
511,其他生活服务
512,其他生活服务
513,旅游
514,无意义/闲聊
515,无意义/闲聊
516,无意义/闲聊
517,美食
518,美食
519,无意义/闲聊
520,无意义/闲聊
521,其他生活服务
522,美食
523,其他生活服务
524,美食
525,美食
526,无意义/闲聊
527,美食
528,无意义/闲聊
529,美食
530,美食
531,美食
532,按摩
533,美食
534,超市
535,美食
536,其他生活服务
537,美食
538,无意义/闲聊
539,其他生活服务
540,美食
541,美食
542,其他生活服务
543,美食
544,无意义/闲聊
545,无意义/闲聊
546,美食
547,美食
548,美食
549,美食
550,无意义/闲聊
551,其他生活服务
552,其他生活服务
553,旅游
554,无意义/闲聊
555,无意义/闲聊
556,无意义/闲聊
557,旅游
558,地址/地标
559,其他生活服务
560,无意义/闲聊
561,地址/地标
562,其他生活服务
563,住宿
564,其他生活服务
565,其他生活服务
566,其他生活服务
567,美食
568,其他生活服务
569,无意义/闲聊
570,美食
571,交通
572,无意义/闲聊
573,美食
574,其他生活服务
575,美食
576,美食
577,地址/地标
578,无意义/闲聊
579,地址/地标
580,其他生活服务
581,美食
582,美食
583,美食
584,美食
585,超市
586,无意义/闲聊
587,其他生活服务
588,美食
589,美食
590,美食
591,无意义/闲聊
592,无意义/闲聊
593,美食
594,美食
595,旅游
596,无意义/闲聊
597,其他生活服务
598,美食
599,其他生活服务
600,美食
601,其他生活服务
602,其他生活服务
603,美食
604,美食
605,无意义/闲聊
606,其他生活服务
607,美食
608,美食
609,无意义/闲聊
610,无意义/闲聊
611,美食
612,美食
613,美食
614,无意义/闲聊
615,美食
616,美食
617,旅游
618,其他生活服务
619,美食
620,美食
621,无意义/闲聊
622,其他生活服务
623,其他生活服务
624,美食
625,无意义/闲聊
626,地址/地标
627,无意义/闲聊
628,其他生活服务
629,无意义/闲聊
630,美食
631,无意义/闲聊
632,旅游
633,地址/地标
634,按摩
635,美食
636,其他生活服务
637,地址/地标
638,其他生活服务
639,美食
640,其他生活服务
641,无意义/闲聊
642,地址/地标
643,美食
644,美食
645,其他生活服务
646,美食
647,地址/地标
648,美食
649,美食
650,美食
651,其他生活服务
652,无意义/闲聊
653,无意义/闲聊
654,美食
655,按摩
656,无意义/闲聊
657,美食
658,其他生活服务
659,美食
660,其他生活服务
661,地址/地标
662,无意义/闲聊
663,其他生活服务
664,美食
665,无意义/闲聊
666,其他生活服务
667,超市
668,美食
669,美食
670,其他生活服务
671,其他生活服务
672,美食
673,地址/地标
674,美食
675,美食
676,美食
677,美食
678,美食
679,其他生活服务
680,美食
681,其他生活服务
682,美食
683,美食
684,地址/地标
685,无意义/闲聊
686,美食
687,地址/地标
688,美食
689,无意义/闲聊
690,无意义/闲聊
691,按摩
692,其他生活服务
693,美食
694,美食
695,无意义/闲聊
696,美食
697,无意义/闲聊
698,美食
699,美食
700,无意义/闲聊
701,无意义/闲聊
702,其他生活服务
703,无意义/闲聊
704,美食
705,无意义/闲聊
706,美食
707,其他生活服务
708,其他生活服务
709,美食
710,美食
711,其他生活服务
712,地址/地标
713,其他生活服务
714,美食
715,美食
716,无意义/闲聊
717,美食
718,无意义/闲聊
719,美食
720,美食
721,美食
722,其他生活服务
723,其他生活服务
724,美食
725,美食
726,美食
727,美食
728,电影
729,地址/地标
730,美食
731,其他生活服务
732,美食
733,无意义/闲聊
734,地址/地标
735,美食
736,无意义/闲聊
737,无意义/闲聊
738,美食
739,美食
740,无意义/闲聊
741,旅游
742,美食
743,其他生活服务
744,其他生活服务
745,其他生活服务
746,美食
747,美食
748,无意义/闲聊
749,其他生活服务
750,美食
751,无意义/闲聊
752,美食
753,无意义/闲聊
754,无意义/闲聊
755,其他生活服务
756,美食
757,美食
758,美食
759,美食
760,美食
761,地址/地标
762,美食
763,无意义/闲聊
764,美食
765,美食
766,无意义/闲聊
767,其他生活服务
768,美食
769,无意义/闲聊
770,美食
771,其他生活服务
772,无意义/闲聊
773,无意义/闲聊
774,美食
775,其他生活服务
776,美食
777,美食
778,无意义/闲聊
779,美食
780,无意义/闲聊
781,超市
782,美食
783,超市
784,无意义/闲聊
785,美食
786,美食
787,美食
788,美食
789,交通
790,美食
791,其他生活服务
792,美食
793,无意义/闲聊
794,其他生活服务
795,美食
796,地址/地标
797,其他生活服务
798,无意义/闲聊
799,其他生活服务
800,地址/地标
801,美食
802,超市
803,其他生活服务
804,无意义/闲聊
805,美食
806,美食
807,其他生活服务
808,美食
809,美食
810,美食
811,无意义/闲聊
812,其他生活服务
813,无意义/闲聊
814,美食
815,美食
816,美食
817,其他生活服务
818,无意义/闲聊
819,美食
820,超市
821,其他生活服务
822,美食
823,无意义/闲聊
824,无意义/闲聊
825,美食
826,美食
827,美食
828,美食
829,其他生活服务
830,无意义/闲聊
831,KTV
832,美食
833,其他生活服务
834,美食
835,无意义/闲聊
836,无意义/闲聊
837,无意义/闲聊
838,其他生活服务
839,无意义/闲聊
840,旅游
841,超市
842,美食
843,美食
844,美食
845,其他生活服务
846,无意义/闲聊
847,地址/地标
848,无意义/闲聊
849,地址/地标
850,无意义/闲聊
851,无意义/闲聊
852,无意义/闲聊
853,无意义/闲聊
854,其他生活服务
855,美食
856,其他生活服务
857,美食
858,美食
859,其他生活服务
860,其他生活服务
861,美食
862,美食
863,美食
864,无意义/闲聊
865,美食
866,无意义/闲聊
867,美食
868,无意义/闲聊
869,美食
870,美食
871,无意义/闲聊
872,其他生活服务
873,美食
874,无意义/闲聊
875,其他生活服务
876,按摩
877,旅游
878,电影
879,其他生活服务
880,美食
881,美食
882,美食
883,地址/地标
884,美食
885,美食
886,美食
887,无意义/闲聊
888,美食
889,其他生活服务
890,其他生活服务
891,美食
892,其他生活服务
893,美食
894,美食
895,美食
896,其他生活服务
897,其他生活服务
898,超市
899,其他生活服务
900,其他生活服务
901,地址/地标
902,美食
903,美食
904,无意义/闲聊
905,其他生活服务
906,超市
907,其他生活服务
908,其他生活服务
909,其他生活服务
910,美食
911,地址/地标
912,无意义/闲聊
913,美食
914,超市
915,美食
916,美食
917,地址/地标
918,地址/地标
919,其他生活服务
920,无意义/闲聊
921,其他生活服务
922,无意义/闲聊
923,无意义/闲聊
924,旅游
925,其他生活服务
926,无意义/闲聊
927,其他生活服务
928,美食
929,美食
930,美食
931,美食
932,无意义/闲聊
933,地址/地标
934,超市
935,其他生活服务
936,美食
937,美食
938,无意义/闲聊
939,KTV
940,美食
941,其他生活服务
942,美食
943,其他生活服务
944,美食
945,美食
946,美食
947,其他生活服务
948,超市
949,美食
950,美食
951,无意义/闲聊
952,无意义/闲聊
953,按摩
954,美食
955,无意义/闲聊
956,无意义/闲聊
957,其他生活服务
958,美食
959,美食
960,无意义/闲聊
961,无意义/闲聊
962,美食
963,美食
964,超市
965,其他生活服务
966,美食
967,无意义/闲聊
968,电影
969,其他生活服务
970,其他生活服务
971,地址/地标
972,美食
973,其他生活服务
974,旅游
975,其他生活服务
976,其他生活服务
977,其他生活服务
978,其他生活服务
979,其他生活服务
980,按摩
981,其他生活服务
982,美食
983,美食
984,超市
985,其他生活服务
986,美食
987,无意义/闲聊
988,地址/地标
989,地址/地标
990,美食
991,无意义/闲聊
992,其他生活服务
993,美食
994,无意义/闲聊
995,美食
996,其他生活服务
997,无意义/闲聊
998,其他生活服务
999,无意义/闲聊
1000,无意义/闲聊
1001,美食
1002,美食
1003,美食
1004,旅游
1005,美食
1006,美食
1007,其他生活服务
1008,无意义/闲聊
1009,美食
1010,其他生活服务
1011,美食
1012,无意义/闲聊
1013,美食
1014,美食
1015,其他生活服务
1016,美食
1017,美食
1018,其他生活服务
1019,其他生活服务
1020,美食
1021,美食
1022,其他生活服务
1023,无意义/闲聊
1024,其他生活服务
1025,按摩
1026,其他生活服务
1027,其他生活服务
1028,美食
1029,美食
1030,美食
1031,其他生活服务
1032,美食
1033,美食
1034,美食
1035,美食
1036,其他生活服务
1037,美食
1038,美食
1039,美食
1040,其他生活服务
1041,美食
1042,美食
1043,美食
1044,其他生活服务
1045,美食
1046,美食
1047,美食
1048,美食
1049,美食
1050,其他生活服务
1051,美食
1052,无意义/闲聊
1053,无意义/闲聊
1054,美食
1055,地址/地标
1056,美食
1057,无意义/闲聊
1058,无意义/闲聊
1059,美食
1060,超市
1061,其他生活服务
1062,超市
1063,美食
1064,超市
1065,其他生活服务
1066,美食
1067,美食
1068,地址/地标
1069,其他生活服务
1070,其他生活服务
1071,其他生活服务
1072,美食
1073,其他生活服务
1074,其他生活服务
1075,美食
1076,无意义/闲聊
1077,美食
1078,其他生活服务
1079,美食
1080,美食
1081,美食
1082,其他生活服务
1083,其他生活服务
1084,超市
1085,无意义/闲聊
1086,旅游
1087,无意义/闲聊
1088,地址/地标
1089,美食
1090,美食
1091,美食
1092,美食
1093,按摩
1094,地址/地标
1095,其他生活服务
1096,美食
1097,美食
1098,美食
1099,美食
1100,美食
1101,无意义/闲聊
1102,无意义/闲聊
1103,美食
1104,其他生活服务
1105,美食
1106,电影
1107,无意义/闲聊
1108,美食
1109,其他生活服务
1110,美食
1111,地址/地标
1112,美食
1113,美食
1114,美食
1115,其他生活服务
1116,美食
1117,无意义/闲聊
1118,其他生活服务
1119,美食
1120,其他生活服务
1121,美食
1122,美食
1123,其他生活服务
1124,美食
1125,其他生活服务
1126,其他生活服务
1127,无意义/闲聊
1128,其他生活服务
1129,美食
1130,美食
1131,其他生活服务
1132,无意义/闲聊
1133,无意义/闲聊
1134,美食
1135,美食
1136,美食
1137,美食
1138,其他生活服务
1139,美食
1140,美食
1141,超市
1142,无意义/闲聊
1143,美食
1144,美食
1145,美食
1146,其他生活服务
1147,无意义/闲聊
1148,地址/地标
1149,其他生活服务
1150,其他生活服务
1151,美食
1152,其他生活服务
1153,无意义/闲聊
1154,美食
1155,无意义/闲聊
1156,美食
1157,其他生活服务
1158,无意义/闲聊
1159,无意义/闲聊
1160,美食
1161,美食
1162,美食
1163,超市
1164,美食
1165,美食
1166,无意义/闲聊
1167,其他生活服务
1168,其他生活服务
1169,美食
1170,旅游
1171,美食
1172,其他生活服务
1173,美食
1174,地址/地标
1175,无意义/闲聊
1176,美食
1177,美食
1178,美食
1179,美食
1180,电影
1181,无意义/闲聊
1182,无意义/闲聊
1183,无意义/闲聊
1184,交通
1185,其他生活服务
1186,无意义/闲聊
1187,其他生活服务
1188,无意义/闲聊
1189,美食
1190,其他生活服务
1191,其他生活服务
1192,美食
1193,其他生活服务
1194,美食
1195,其他生活服务
1196,美食
1197,美食
1198,美食
1199,美食
1200,其他生活服务
1201,无意义/闲聊
1202,美食
1203,地址/地标
1204,其他生活服务
1205,超市
1206,超市
1207,无意义/闲聊
1208,美食
1209,无意义/闲聊
1210,其他生活服务
1211,无意义/闲聊
1212,美食
1213,其他生活服务
1214,美食
1215,地址/地标
1216,美食
1217,美食
1218,美食
1219,美食
1220,其他生活服务
1221,美食
1222,其他生活服务
1223,其他生活服务
1224,其他生活服务
1225,地址/地标
1226,无意义/闲聊
1227,无意义/闲聊
1228,美食
1229,美食
1230,美食
1231,美食
1232,美食
1233,无意义/闲聊
1234,其他生活服务
1235,超市
1236,旅游
1237,无意义/闲聊
1238,美食
1239,无意义/闲聊
1240,其他生活服务
1241,地址/地标
1242,其他生活服务
1243,美食
1244,美食
1245,无意义/闲聊
1246,美食
1247,其他生活服务
1248,美食
1249,无意义/闲聊
1250,无意义/闲聊
1251,无意义/闲聊
1252,美食
1253,美食
1254,无意义/闲聊
1255,美食
1256,其他生活服务
1257,美食
1258,其他生活服务
1259,美食
1260,地址/地标
1261,其他生活服务
1262,美食
1263,其他生活服务
1264,地址/地标
1265,美食
1266,其他生活服务
1267,美食
1268,无意义/闲聊
1269,无意义/闲聊
1270,其他生活服务
1271,超市
1272,无意义/闲聊
1273,美食
1274,其他生活服务
1275,其他生活服务
1276,美食
1277,其他生活服务
1278,美食
1279,美食
1280,地址/地标
1281,美食
1282,无意义/闲聊
1283,无意义/闲聊
1284,美食
1285,无意义/闲聊
1286,无意义/闲聊
1287,其他生活服务
1288,其他生活服务
1289,其他生活服务
1290,其他生活服务
1291,其他生活服务
1292,美食
1293,无意义/闲聊
1294,其他生活服务
1295,旅游
1296,美食
1297,美食
1298,美食
1299,其他生活服务
1300,其他生活服务
1301,其他生活服务
1302,美食
1303,无意义/闲聊
1304,无意义/闲聊
1305,无意义/闲聊
1306,美食
1307,其他生活服务
1308,无意义/闲聊
1309,美食
1310,美食
1311,美食
1312,无意义/闲聊
1313,其他生活服务
1314,无意义/闲聊
1315,无意义/闲聊
1316,美食
1317,其他生活服务
1318,美食
1319,美食
1320,无意义/闲聊
1321,美食
1322,无意义/闲聊
1323,美食
1324,其他生活服务
1325,其他生活服务
1326,无意义/闲聊
1327,无意义/闲聊
1328,其他生活服务
1329,旅游
1330,无意义/闲聊
1331,无意义/闲聊
1332,地址/地标
1333,地址/地标
1334,旅游
1335,美食
1336,其他生活服务
1337,美食
1338,美食
1339,无意义/闲聊
1340,美食
1341,其他生活服务
1342,美食
1343,美食
1344,美食
1345,美食
1346,其他生活服务
1347,无意义/闲聊
1348,美食
1349,美食
1350,其他生活服务
1351,按摩
1352,无意义/闲聊
1353,美食
1354,按摩
1355,美食
1356,旅游
1357,超市
1358,其他生活服务
1359,美食
1360,美食
1361,其他生活服务
1362,美食
1363,旅游
1364,其他生活服务
1365,美食
1366,美食
1367,无意义/闲聊
1368,美食
1369,其他生活服务
1370,旅游
1371,无意义/闲聊
1372,美食
1373,美食
1374,无意义/闲聊
1375,超市
1376,旅游
1377,美食
1378,美食
1379,其他生活服务
1380,超市
1381,无意义/闲聊
1382,超市
1383,美食
1384,美食
1385,美食
1386,无意义/闲聊
1387,无意义/闲聊
1388,美食
1389,其他生活服务
1390,美食
1391,超市
1392,美食
1393,无意义/闲聊
1394,美食
1395,无意义/闲聊
1396,美食
1397,其他生活服务
1398,无意义/闲聊
1399,无意义/闲聊
1400,美食
1401,其他生活服务
1402,无意义/闲聊
1403,无意义/闲聊
1404,美食
1405,其他生活服务
1406,美食
1407,其他生活服务
1408,无意义/闲聊
1409,旅游
1410,其他生活服务
1411,无意义/闲聊
1412,美食
1413,无意义/闲聊
1414,美食
1415,美食
1416,美食
1417,美食
1418,美食
1419,其他生活服务
1420,无意义/闲聊
1421,美食
1422,美食
1423,其他生活服务
1424,美食
1425,美食
1426,无意义/闲聊
1427,无意义/闲聊
1428,无意义/闲聊
1429,美食
1430,其他生活服务
1431,美食
1432,其他生活服务
1433,美食
1434,美食
1435,其他生活服务
1436,美食
1437,无意义/闲聊
1438,旅游
1439,美食
1440,超市
1441,其他生活服务
1442,美食
1443,美食
1444,美食
1445,其他生活服务
1446,其他生活服务
1447,美食
1448,无意义/闲聊
1449,美食
1450,无意义/闲聊
1451,美食
1452,美食
1453,其他生活服务
1454,美食
1455,无意义/闲聊
1456,美食
1457,美食
1458,美食
1459,美食
1460,美食
1461,其他生活服务
1462,美食
1463,美食
1464,按摩
1465,其他生活服务
1466,美食
1467,美食
1468,其他生活服务
1469,美食
1470,无意义/闲聊
1471,旅游
1472,其他生活服务
1473,美食
1474,美食
1475,其他生活服务
1476,美食
1477,其他生活服务
1478,无意义/闲聊
1479,无意义/闲聊
1480,无意义/闲聊
1481,美食
1482,其他生活服务
1483,无意义/闲聊
1484,无意义/闲聊
1485,其他生活服务
1486,其他生活服务
1487,其他生活服务
1488,其他生活服务
1489,美食
1490,超市
1491,美食
1492,其他生活服务
1493,美食
1494,其他生活服务
1495,无意义/闲聊
1496,其他生活服务
1497,美食
1498,无意义/闲聊
1499,其他生活服务
1500,其他生活服务
1501,美食
1502,美食
1503,其他生活服务
1504,其他生活服务
1505,旅游
1506,KTV
1507,无意义/闲聊
1508,其他生活服务
1509,美食
1510,美食
1511,其他生活服务
1512,其他生活服务
1513,无意义/闲聊
1514,无意义/闲聊
1515,地址/地标
1516,其他生活服务
1517,其他生活服务
1518,美食
1519,其他生活服务
1520,无意义/闲聊
1521,美食
1522,美食
1523,美食
1524,美食
1525,无意义/闲聊
1526,其他生活服务
1527,按摩
1528,美食
1529,旅游
1530,无意义/闲聊
1531,美食
1532,美食
1533,美食
1534,美食
1535,其他生活服务
1536,其他生活服务
1537,其他生活服务
1538,美食
1539,其他生活服务
1540,美食
1541,美食
1542,电影
1543,美食
1544,美食
1545,无意义/闲聊
1546,美食
1547,美食
1548,无意义/闲聊
1549,美食
1550,无意义/闲聊
1551,无意义/闲聊
1552,其他生活服务
1553,美食
1554,无意义/闲聊
1555,美食
1556,其他生活服务
1557,其他生活服务
1558,无意义/闲聊
1559,无意义/闲聊
1560,美食
1561,其他生活服务
1562,其他生活服务
1563,美食
1564,美食
1565,无意义/闲聊
1566,无意义/闲聊
1567,美食
1568,美食
1569,无意义/闲聊
1570,美食
1571,其他生活服务
1572,其他生活服务
1573,美食
1574,其他生活服务
1575,无意义/闲聊
1576,美食
1577,无意义/闲聊
1578,美食
1579,其他生活服务
1580,旅游
1581,无意义/闲聊
1582,电影
1583,其他生活服务
1584,美食
1585,其他生活服务
1586,美食
1587,超市
1588,其他生活服务
1589,无意义/闲聊
1590,美食
1591,其他生活服务
1592,其他生活服务
1593,无意义/闲聊
1594,其他生活服务
1595,其他生活服务
1596,无意义/闲聊
1597,无意义/闲聊
1598,其他生活服务
1599,无意义/闲聊
1600,无意义/闲聊
1601,其他生活服务
1602,其他生活服务
1603,美食
1604,无意义/闲聊
1605,美食
1606,美食
1607,地址/地标
1608,美食
1609,其他生活服务
1610,美食
1611,其他生活服务
1612,无意义/闲聊
1613,美食
1614,其他生活服务
1615,无意义/闲聊
1616,美食
1617,美食
1618,美食
1619,超市
1620,其他生活服务
1621,其他生活服务
1622,无意义/闲聊
1623,其他生活服务
1624,美食
1625,无意义/闲聊
1626,无意义/闲聊
1627,美食
1628,无意义/闲聊
1629,美食
1630,旅游
1631,美食
1632,美食
1633,美食
1634,美食
1635,美食
1636,美食
1637,美食
1638,美食
1639,其他生活服务
1640,美食
1641,美食
1642,其他生活服务
1643,美食
1644,美食
1645,超市
1646,其他生活服务
1647,无意义/闲聊
1648,其他生活服务
1649,旅游
1650,无意义/闲聊
1651,美食
1652,无意义/闲聊
1653,其他生活服务
1654,其他生活服务
1655,其他生活服务
1656,按摩
1657,美食
1658,超市
1659,美食
1660,其他生活服务
1661,其他生活服务
1662,美食
1663,无意义/闲聊
1664,美食
1665,美食
1666,其他生活服务
1667,其他生活服务
1668,美食
1669,电影
1670,美食
1671,美食
1672,美食
1673,其他生活服务
1674,其他生活服务
1675,无意义/闲聊
1676,美食
1677,无意义/闲聊
1678,美食
1679,美食
1680,其他生活服务
1681,其他生活服务
1682,无意义/闲聊
1683,无意义/闲聊
1684,地址/地标
1685,美食
1686,无意义/闲聊
1687,美食
1688,美食
1689,美食
1690,其他生活服务
1691,其他生活服务
1692,美食
1693,无意义/闲聊
1694,其他生活服务
1695,美食
1696,无意义/闲聊
1697,无意义/闲聊
1698,其他生活服务
1699,其他生活服务
1700,美食
1701,其他生活服务
1702,其他生活服务
1703,美食
1704,美食
1705,美食
1706,美食
1707,其他生活服务
1708,无意义/闲聊
1709,无意义/闲聊
1710,美食
1711,美食
1712,美食
1713,美食
1714,无意义/闲聊
1715,美食
1716,美食
1717,美食
1718,美食
1719,无意义/闲聊
1720,美食
1721,地址/地标
1722,美食
1723,无意义/闲聊
1724,其他生活服务
1725,美食
1726,其他生活服务
1727,其他生活服务
1728,美食
1729,美食
1730,超市
1731,美食
1732,其他生活服务
1733,美食
1734,无意义/闲聊
1735,美食
1736,电影
1737,无意义/闲聊
1738,美食
1739,美食
1740,美食
1741,美食
1742,美食
1743,美食
1744,无意义/闲聊
1745,美食
1746,其他生活服务
1747,其他生活服务
1748,美食
1749,美食
1750,超市
1751,旅游
1752,美食
1753,其他生活服务
1754,美食
1755,其他生活服务
1756,其他生活服务
1757,其他生活服务
1758,美食
1759,美食
1760,美食
1761,美食
1762,美食
1763,无意义/闲聊
1764,其他生活服务
1765,其他生活服务
1766,美食
1767,美食
1768,美食
1769,美食
1770,无意义/闲聊
1771,美食
1772,其他生活服务
1773,其他生活服务
1774,其他生活服务
1775,按摩
1776,无意义/闲聊
1777,美食
1778,美食
1779,无意义/闲聊
1780,其他生活服务
1781,美食
1782,美食
1783,其他生活服务
1784,美食
1785,其他生活服务
1786,美食
1787,其他生活服务
1788,美食
1789,美食
1790,美食
1791,美食
1792,无意义/闲聊
1793,美食
1794,其他生活服务
1795,美食
1796,美食
1797,无意义/闲聊
1798,无意义/闲聊
1799,美食
1800,无意义/闲聊
1801,地址/地标
1802,美食
1803,地址/地标
1804,其他生活服务
1805,美食
1806,无意义/闲聊
1807,地址/地标
1808,无意义/闲聊
1809,旅游
1810,美食
1811,美食
1812,无意义/闲聊
1813,美食
1814,美食
1815,美食
1816,美食
1817,其他生活服务
1818,其他生活服务
1819,其他生活服务
1820,无意义/闲聊
1821,美食
1822,超市
1823,美食
1824,地址/地标
1825,美食
1826,地址/地标
1827,美食
1828,美食
1829,无意义/闲聊
1830,无意义/闲聊
1831,地址/地标
1832,美食
1833,无意义/闲聊
1834,美食
1835,其他生活服务
1836,无意义/闲聊
1837,美食
1838,美食
1839,旅游
1840,旅游
1841,住宿
1842,旅游
1843,其他生活服务
1844,旅游
1845,旅游
1846,住宿
1847,旅游
1848,旅游
1849,电影
1850,住宿
1851,旅游
1852,旅游
1853,旅游
1854,旅游
1855,交通
1856,旅游
1857,住宿
1858,旅游
1859,电影
1860,住宿
1861,电影
1862,旅游
1863,电影
1864,住宿
1865,住宿
1866,旅游
1867,旅游
1868,住宿
1869,住宿
1870,住宿
1871,住宿
1872,旅游
1873,旅游
1874,电影
1875,旅游
1876,电影
1877,住宿
1878,旅游
1879,电影
1880,旅游
1881,住宿
1882,旅游
1883,住宿
1884,住宿
1885,其他生活服务
1886,住宿
1887,电影
1888,旅游
1889,旅游
1890,旅游
1891,旅游
1892,住宿
1893,旅游
1894,电影
1895,住宿
1896,电影
1897,旅游
1898,电影
1899,旅游
1900,交通
1901,旅游
1902,旅游
1903,住宿
1904,电影
1905,住宿
1906,旅游
1907,住宿
1908,旅游
1909,电影
1910,交通
1911,旅游
1912,住宿
1913,旅游
1914,住宿
1915,住宿
1916,住宿
1917,旅游
1918,交通
1919,电影
1920,电影
1921,住宿
1922,交通
1923,电影
1924,交通
1925,住宿
1926,旅游
1927,电影
1928,旅游
1929,旅游
1930,住宿
1931,电影
1932,住宿
1933,住宿
1934,电影
1935,旅游
1936,旅游
1937,旅游
1938,电影
1939,住宿
1940,旅游
1941,电影
1942,旅游
1943,旅游
1944,旅游
1945,旅游
1946,住宿
1947,住宿
1948,旅游
1949,旅游
1950,住宿
1951,其他生活服务
1952,住宿
1953,住宿
1954,住宿
1955,旅游
1956,旅游
1957,旅游
1958,住宿
1959,旅游
1960,电影
1961,住宿
1962,旅游
1963,电影
1964,电影
1965,旅游
1966,住宿
1967,旅游
1968,住宿
1969,旅游
1970,旅游
1971,住宿
1972,交通
1973,旅游
1974,住宿
1975,住宿
1976,住宿
1977,住宿
1978,旅游
1979,旅游
1980,旅游
1981,电影
1982,住宿
1983,旅游
1984,住宿
1985,电影
1986,旅游
1987,住宿
1988,住宿
1989,旅游
1990,电影
1991,旅游
1992,旅游
1993,住宿
1994,交通
1995,住宿
1996,电影
1997,住宿
1998,旅游
1999,旅游
2000,住宿
2001,旅游
2002,电影
2003,电影
2004,旅游
2005,电影
2006,旅游
2007,住宿
2008,旅游
2009,旅游
2010,旅游
2011,旅游
2012,电影
2013,住宿
2014,住宿
2015,住宿
2016,旅游
2017,电影
2018,旅游
2019,旅游
2020,旅游
2021,旅游
2022,电影
2023,电影
2024,电影
2025,电影
2026,住宿
2027,旅游
2028,旅游
2029,住宿
2030,旅游
2031,电影
2032,旅游
2033,电影
2034,电影
2035,旅游
2036,电影
2037,住宿
2038,旅游
2039,旅游
2040,美食
2041,住宿
2042,旅游
2043,住宿
2044,住宿
2045,住宿
2046,旅游
2047,交通
2048,旅游
2049,旅游
2050,旅游
2051,住宿
2052,旅游
2053,住宿
2054,旅游
2055,其他生活服务
2056,电影
2057,住宿
2058,住宿
2059,旅游
2060,电影
2061,住宿
2062,电影
2063,旅游
2064,住宿
2065,电影
2066,旅游
2067,住宿
2068,旅游
2069,电影
2070,电影
2071,住宿
2072,住宿
2073,旅游
2074,住宿
2075,住宿
2076,电影
2077,旅游
2078,住宿
2079,住宿
2080,旅游
2081,旅游
2082,住宿
2083,住宿
2084,其他生活服务
2085,旅游
2086,住宿
2087,电影
2088,旅游
2089,住宿
2090,住宿
2091,住宿
2092,交通
2093,旅游
2094,住宿
2095,住宿
2096,其他生活服务
2097,电影
2098,旅游
2099,电影
2100,住宿
2101,住宿
2102,旅游
2103,住宿
2104,交通
2105,旅游
2106,旅游
2107,电影
2108,旅游
2109,住宿
2110,电影
2111,电影
2112,旅游
2113,旅游
2114,交通
2115,旅游
2116,电影
2117,交通
2118,美食
2119,旅游
2120,住宿
2121,交通
2122,住宿
2123,旅游
2124,旅游
2125,住宿
2126,电影
2127,旅游
2128,旅游
2129,旅游
2130,旅游
2131,无意义/闲聊
2132,电影
2133,其他生活服务
2134,住宿
2135,旅游
2136,地址/地标
2137,旅游
2138,旅游
2139,旅游
2140,住宿
2141,旅游
2142,美食
2143,旅游
2144,无意义/闲聊
2145,其他生活服务
2146,旅游
2147,旅游
2148,无意义/闲聊
2149,其他生活服务
2150,电影
2151,旅游
2152,旅游
2153,地址/地标
2154,无意义/闲聊
2155,无意义/闲聊
2156,旅游
2157,电影
2158,其他生活服务
2159,无意义/闲聊
2160,旅游
2161,住宿
2162,住宿
2163,其他生活服务
2164,无意义/闲聊
2165,电影
2166,无意义/闲聊
2167,住宿
2168,旅游
2169,旅游
2170,旅游
2171,旅游
2172,无意义/闲聊
2173,旅游
2174,电影
2175,住宿
2176,旅游
2177,其他生活服务
2178,其他生活服务
2179,旅游
2180,旅游
2181,无意义/闲聊
2182,电影
2183,旅游
2184,美食
2185,旅游
2186,旅游
2187,住宿
2188,美食
2189,美食
2190,旅游
2191,住宿
2192,旅游
2193,电影
2194,旅游
2195,美食
2196,电影
2197,旅游
2198,旅游
2199,地址/地标
2200,旅游
2201,旅游
2202,电影
2203,旅游
2204,其他生活服务
2205,旅游
2206,电影
2207,地址/地标
2208,交通
2209,地址/地标
2210,旅游
2211,旅游
2212,住宿
2213,无意义/闲聊
2214,旅游
2215,其他生活服务
2216,旅游
2217,旅游
2218,美食
2219,旅游
2220,旅游
2221,旅游
2222,无意义/闲聊
2223,旅游
2224,旅游
2225,旅游
2226,美食
2227,其他生活服务
2228,旅游
2229,美食
2230,旅游
2231,其他生活服务
2232,其他生活服务
2233,美食
2234,住宿
2235,美食
2236,地址/地标
2237,旅游
2238,美食
2239,旅游
2240,地址/地标
2241,其他生活服务
2242,美食
2243,美食
2244,美食
2245,美食
2246,电影
2247,无意义/闲聊
2248,美食
2249,美食
2250,无意义/闲聊
2251,其他生活服务
2252,美食
2253,其他生活服务
2254,美食
2255,美食
2256,其他生活服务
2257,美食
2258,其他生活服务
2259,美食
2260,旅游
2261,美食
2262,地址/地标
2263,旅游
2264,其他生活服务
2265,其他生活服务
2266,无意义/闲聊
2267,美食
2268,旅游
2269,美食
2270,地址/地标
2271,住宿
2272,美食
2273,其他生活服务
2274,美食
2275,其他生活服务
2276,美食
2277,按摩
2278,美食
2279,美食
2280,美食
2281,旅游
2282,美食
2283,美食
2284,美食
2285,其他生活服务
2286,旅游
2287,住宿
2288,超市
2289,美食
2290,住宿
2291,美食
2292,住宿
2293,美食
2294,住宿
2295,旅游
2296,其他生活服务
2297,美食
2298,美食
2299,其他生活服务
2300,美食
2301,美食
2302,美食
2303,美食
2304,旅游
2305,地址/地标
2306,住宿
2307,旅游
2308,旅游
2309,地址/地标
2310,超市
2311,美食
2312,其他生活服务
2313,美食
2314,美食
2315,其他生活服务
2316,美食
2317,美食
2318,美食
2319,美食
2320,旅游
2321,美食
2322,其他生活服务
2323,美食
2324,旅游
2325,住宿
2326,其他生活服务
2327,旅游
2328,美食
2329,交通
2330,美食
2331,无意义/闲聊
2332,美食
2333,美食
2334,其他生活服务
2335,美食
2336,无意义/闲聊
2337,电影
2338,按摩
2339,其他生活服务
2340,美食
2341,美食
2342,美食
2343,旅游
2344,美食
2345,电影
2346,无意义/闲聊
2347,无意义/闲聊
2348,美食
2349,住宿
2350,无意义/闲聊
2351,其他生活服务
2352,美食
2353,其他生活服务
2354,其他生活服务
2355,电影
2356,无意义/闲聊
2357,美食
2358,美食
2359,其他生活服务
2360,美食
2361,美食
2362,旅游
2363,美食
2364,美食
2365,无意义/闲聊
2366,美食
2367,旅游
2368,美食
2369,旅游
2370,无意义/闲聊
2371,无意义/闲聊
2372,美食
2373,其他生活服务
2374,其他生活服务
2375,美食
2376,其他生活服务
2377,美食
2378,美食
2379,无意义/闲聊
2380,美食
2381,其他生活服务
2382,其他生活服务
2383,其他生活服务
2384,住宿
2385,美食
2386,无意义/闲聊
2387,旅游
2388,住宿
2389,美食
2390,美食
2391,旅游
2392,超市
2393,美食
2394,无意义/闲聊
2395,美食
2396,电影
2397,超市
2398,其他生活服务
2399,美食
2400,旅游
2401,其他生活服务
2402,美食
2403,其他生活服务
2404,其他生活服务
2405,美食
2406,旅游
2407,其他生活服务
2408,美食
2409,美食
2410,住宿
2411,美食
2412,美食
2413,美食
2414,旅游
2415,美食
2416,其他生活服务
2417,住宿
2418,美食
2419,住宿
2420,其他生活服务
2421,美食
2422,美食
2423,美食
2424,美食
2425,其他生活服务
2426,其他生活服务
2427,美食
2428,美食
2429,美食
2430,美食
2431,旅游
2432,美食
2433,美食
2434,电影
2435,旅游
2436,其他生活服务
2437,旅游
2438,无意义/闲聊
2439,住宿
2440,其他生活服务
2441,其他生活服务
2442,美食
2443,其他生活服务
2444,美食
2445,旅游
2446,其他生活服务
2447,美食
2448,其他生活服务
2449,其他生活服务
2450,旅游
2451,美食
2452,旅游
2453,住宿
2454,旅游
2455,美食
2456,超市
2457,其他生活服务
2458,其他生活服务
2459,无意义/闲聊
2460,美食
2461,美食
2462,无意义/闲聊
2463,美食
2464,美食
2465,超市
2466,美食
2467,其他生活服务
2468,美食
2469,电影
2470,电影
2471,美食
2472,其他生活服务
2473,住宿
2474,无意义/闲聊
2475,其他生活服务
2476,旅游
2477,美食
2478,无意义/闲聊
2479,住宿
2480,美食
2481,旅游
2482,住宿
2483,美食
2484,旅游
2485,旅游
2486,美食
2487,其他生活服务
2488,交通
2489,按摩
2490,地址/地标
2491,美食
2492,美食
2493,无意义/闲聊
2494,美食
2495,美食
2496,电影
2497,美食
2498,地址/地标
2499,电影
2500,美食
2501,美食
2502,其他生活服务
2503,其他生活服务
2504,其他生活服务
2505,地址/地标
2506,无意义/闲聊
2507,住宿
2508,美食
2509,美食
2510,其他生活服务
2511,美食
2512,美食
2513,住宿
2514,美食
2515,其他生活服务
2516,旅游
2517,地址/地标
2518,旅游
2519,美食
2520,美食
2521,住宿
2522,美食
2523,地址/地标
2524,住宿
2525,美食
2526,其他生活服务
2527,旅游
2528,无意义/闲聊
2529,美食
2530,美食
2531,其他生活服务
2532,交通
2533,美食
2534,美食
2535,住宿
2536,其他生活服务
2537,美食
2538,无意义/闲聊
2539,美食
2540,其他生活服务
2541,其他生活服务
2542,美食
2543,美食
2544,旅游
2545,旅游
2546,无意义/闲聊
2547,无意义/闲聊
2548,美食
2549,无意义/闲聊
2550,旅游
2551,美食
2552,地址/地标
2553,美食
2554,其他生活服务
2555,无意义/闲聊
2556,旅游
2557,地址/地标
2558,美食
2559,无意义/闲聊
2560,其他生活服务
2561,其他生活服务
2562,无意义/闲聊
2563,美食
2564,美食
2565,美食
2566,美食
2567,美食
2568,旅游
2569,美食
2570,住宿
2571,美食
2572,其他生活服务
2573,旅游
2574,住宿
2575,无意义/闲聊
2576,其他生活服务
2577,电影
2578,电影
2579,住宿
2580,旅游
2581,美食
2582,旅游
2583,美食
2584,住宿
2585,美食
2586,无意义/闲聊
2587,地址/地标
2588,美食
2589,美食
2590,交通
2591,旅游
2592,美食
2593,住宿
2594,美食
2595,无意义/闲聊
2596,无意义/闲聊
2597,美食
2598,其他生活服务
2599,美食
2600,其他生活服务
2601,超市
2602,美食
2603,其他生活服务
2604,交通
2605,美食
2606,无意义/闲聊
2607,其他生活服务
2608,其他生活服务
2609,美食
2610,电影
2611,美食
2612,美食
2613,美食
2614,美食
2615,按摩
2616,住宿
2617,其他生活服务
2618,其他生活服务
2619,无意义/闲聊
2620,美食
2621,其他生活服务
2622,无意义/闲聊
2623,旅游
2624,美食
2625,美食
2626,美食
2627,无意义/闲聊
2628,无意义/闲聊
2629,美食
2630,交通
2631,美食
2632,地址/地标
2633,美食
2634,无意义/闲聊
2635,美食
2636,旅游
2637,美食
2638,美食
2639,其他生活服务
2640,其他生活服务
2641,美食
2642,无意义/闲聊
2643,美食
2644,住宿
2645,住宿
2646,美食
2647,其他生活服务
2648,美食
2649,其他生活服务
2650,美食
2651,美食
2652,美食
2653,其他生活服务
2654,美食
2655,美食
2656,美食
2657,美食
2658,美食
2659,其他生活服务
2660,美食
2661,住宿
2662,美食
2663,美食
2664,美食
2665,旅游
2666,无意义/闲聊
2667,旅游
2668,其他生活服务
2669,其他生活服务
2670,美食
2671,电影
2672,美食
2673,其他生活服务
2674,其他生活服务
2675,旅游
2676,其他生活服务
2677,旅游
2678,旅游
2679,其他生活服务
2680,无意义/闲聊
2681,其他生活服务
2682,其他生活服务
2683,美食
2684,其他生活服务
2685,其他生活服务
2686,电影
2687,无意义/闲聊
2688,美食
2689,地址/地标
2690,美食
2691,住宿
2692,美食
2693,地址/地标
2694,美食
2695,美食
2696,美食
2697,无意义/闲聊
2698,无意义/闲聊
2699,按摩
2700,其他生活服务
2701,旅游
2702,美食
2703,交通
2704,美食
2705,其他生活服务
2706,无意义/闲聊
2707,其他生活服务
2708,其他生活服务
2709,旅游
2710,美食
2711,旅游
2712,其他生活服务
2713,住宿
2714,美食
2715,旅游
2716,美食
2717,旅游
2718,旅游
2719,旅游
2720,美食
2721,地址/地标
2722,住宿
2723,美食
2724,住宿
2725,美食
2726,美食
2727,无意义/闲聊
2728,美食
2729,美食
2730,无意义/闲聊
2731,旅游
2732,地址/地标
2733,美食
2734,美食
2735,其他生活服务
2736,交通
2737,旅游
2738,旅游
2739,超市
2740,美食
2741,美食
2742,地址/地标
2743,美食
2744,无意义/闲聊
2745,其他生活服务
2746,美食
2747,其他生活服务
2748,电影
2749,美食
2750,其他生活服务
2751,美食
2752,按摩
2753,其他生活服务
2754,美食
2755,交通
2756,美食
2757,美食
2758,超市
2759,美食
2760,美食
2761,美食
2762,住宿
2763,美食
2764,美食
2765,美食
2766,旅游
2767,地址/地标
2768,无意义/闲聊
2769,住宿
2770,其他生活服务
2771,美食
2772,旅游
2773,美食
2774,地址/地标
2775,无意义/闲聊
2776,美食
2777,其他生活服务
2778,住宿
2779,其他生活服务
2780,美食
2781,美食
2782,美食
2783,其他生活服务
2784,美食
2785,美食
2786,其他生活服务
2787,电影
2788,旅游
2789,美食
2790,美食
2791,美食
2792,电影
2793,美食
2794,美食
2795,旅游
2796,旅游
2797,旅游
2798,美食
2799,电影
2800,无意义/闲聊
2801,其他生活服务
2802,超市
2803,美食
2804,其他生活服务
2805,其他生活服务
2806,旅游
2807,其他生活服务
2808,美食
2809,其他生活服务
2810,美食
2811,无意义/闲聊
2812,美食
2813,旅游
2814,美食
2815,住宿
2816,美食
2817,旅游
2818,无意义/闲聊
2819,美食
2820,旅游
2821,旅游
2822,无意义/闲聊
2823,超市
2824,美食
2825,美食
2826,美食
2827,旅游
2828,无意义/闲聊
2829,美食
2830,旅游
2831,其他生活服务
2832,美食
2833,无意义/闲聊
2834,美食
2835,美食
2836,无意义/闲聊
2837,住宿
2838,其他生活服务
2839,其他生活服务
2840,美食
2841,美食
2842,美食
2843,无意义/闲聊
2844,无意义/闲聊
2845,美食
2846,无意义/闲聊
2847,美食
2848,住宿
2849,美食
2850,地址/地标
2851,按摩
2852,其他生活服务
2853,美食
2854,住宿
2855,美食
2856,其他生活服务
2857,无意义/闲聊
2858,无意义/闲聊
2859,旅游
2860,超市
2861,旅游
2862,美食
2863,其他生活服务
2864,其他生活服务
2865,美食
2866,美食
2867,其他生活服务
2868,旅游
2869,美食
2870,其他生活服务
2871,其他生活服务
2872,其他生活服务
2873,美食
2874,美食
2875,住宿
2876,美食
2877,住宿
2878,无意义/闲聊
2879,美食
2880,旅游
2881,美食
2882,美食
2883,其他生活服务
2884,无意义/闲聊
2885,美食
2886,美食
2887,无意义/闲聊
2888,电影
2889,美食
2890,地址/地标
2891,住宿
2892,超市
2893,美食
2894,其他生活服务
2895,其他生活服务
2896,美食
2897,美食
2898,无意义/闲聊
2899,其他生活服务
2900,美食
2901,其他生活服务
2902,美食
2903,美食
2904,美食
2905,无意义/闲聊
2906,美食
2907,美食
2908,美食
2909,无意义/闲聊
2910,其他生活服务
2911,无意义/闲聊
2912,美食
2913,美食
2914,美食
2915,美食
2916,旅游
2917,无意义/闲聊
2918,美食
2919,美食
2920,美食
2921,旅游
2922,其他生活服务
2923,美食
2924,电影
2925,美食
2926,美食
2927,其他生活服务
2928,其他生活服务
2929,美食
2930,美食
2931,美食
2932,美食
2933,美食
2934,电影
2935,旅游
2936,美食
2937,美食
2938,美食
2939,美食
2940,美食
2941,美食
2942,地址/地标
2943,美食
2944,其他生活服务
2945,地址/地标
2946,其他生活服务
2947,无意义/闲聊
2948,无意义/闲聊
2949,住宿
2950,其他生活服务
2951,电影
2952,其他生活服务
2953,电影
2954,美食
2955,电影
2956,美食
2957,其他生活服务
2958,其他生活服务
2959,美食
2960,其他生活服务
2961,美食
2962,美食
2963,旅游
2964,电影
2965,其他生活服务
2966,无意义/闲聊
2967,按摩
2968,电影
2969,电影
2970,美食
2971,其他生活服务
2972,电影
2973,超市
2974,其他生活服务
2975,美食
2976,美食
2977,其他生活服务
2978,美食
2979,其他生活服务
2980,按摩
2981,美食
2982,电影
2983,无意义/闲聊
2984,美食
2985,美食
2986,美食
2987,其他生活服务
2988,其他生活服务
2989,美食
2990,旅游
2991,旅游
2992,旅游
2993,美食
2994,地址/地标
2995,无意义/闲聊
2996,旅游
2997,旅游
2998,美食
2999,美食
3000,其他生活服务
3001,无意义/闲聊
3002,美食
3003,美食
3004,无意义/闲聊
3005,地址/地标
3006,其他生活服务
3007,交通
3008,无意义/闲聊
3009,美食
3010,无意义/闲聊
3011,其他生活服务
3012,美食
3013,其他生活服务
3014,其他生活服务
3015,按摩
3016,其他生活服务
3017,无意义/闲聊
3018,旅游
3019,美食
3020,住宿
3021,美食
3022,美食
3023,美食
3024,旅游
3025,旅游
3026,美食
3027,美食
3028,其他生活服务
3029,超市
3030,美食
3031,无意义/闲聊
3032,交通
3033,旅游
3034,住宿
3035,其他生活服务
3036,美食
3037,其他生活服务
3038,地址/地标
3039,美食
3040,旅游
3041,无意义/闲聊
3042,地址/地标
3043,旅游
3044,电影
3045,旅游
3046,其他生活服务
3047,美食
3048,美食
3049,旅游
3050,美食
3051,旅游
3052,美食
3053,美食
3054,美食
3055,美食
3056,无意义/闲聊
3057,美食
3058,无意义/闲聊
3059,美食
3060,其他生活服务
3061,其他生活服务
3062,美食
3063,其他生活服务
3064,其他生活服务
3065,美食
3066,美食
3067,其他生活服务
3068,美食
3069,美食
3070,美食
3071,美食
3072,美食
3073,美食
3074,旅游
3075,无意义/闲聊
3076,住宿
3077,旅游
3078,其他生活服务
3079,美食
3080,住宿
3081,美食
3082,其他生活服务
3083,电影
3084,美食
3085,按摩
3086,无意义/闲聊
3087,旅游
3088,美食
3089,旅游
3090,电影
3091,电影
3092,美食
3093,其他生活服务
3094,住宿
3095,无意义/闲聊
3096,美食
3097,美食
3098,住宿
3099,无意义/闲聊
3100,美食
3101,住宿
3102,旅游
3103,住宿
3104,无意义/闲聊
3105,美食
3106,美食
3107,美食
3108,旅游
3109,美食
3110,美食
3111,美食
3112,其他生活服务
3113,地址/地标
3114,其他生活服务
3115,其他生活服务
3116,无意义/闲聊
3117,美食
3118,其他生活服务
3119,无意义/闲聊
3120,旅游
3121,电影
3122,其他生活服务
3123,无意义/闲聊
3124,美食
3125,美食
3126,按摩
3127,无意义/闲聊
3128,旅游
3129,其他生活服务
3130,旅游
3131,美食
3132,地址/地标
3133,住宿
3134,住宿
3135,旅游
3136,美食
3137,住宿
3138,地址/地标
3139,无意义/闲聊
3140,美食
3141,旅游
3142,美食
3143,其他生活服务
3144,美食
3145,住宿
3146,无意义/闲聊
3147,电影
3148,美食
3149,住宿
3150,其他生活服务
3151,住宿
3152,旅游
3153,其他生活服务
3154,其他生活服务
3155,美食
3156,美食
3157,美食
3158,无意义/闲聊
3159,住宿
3160,美食
3161,其他生活服务
3162,无意义/闲聊
3163,无意义/闲聊
3164,住宿
3165,美食
3166,旅游
3167,其他生活服务
3168,美食
3169,美食
3170,其他生活服务
3171,旅游
3172,美食
3173,旅游
3174,美食
3175,按摩
3176,无意义/闲聊
3177,旅游
3178,无意义/闲聊
3179,住宿
3180,美食
3181,无意义/闲聊
3182,美食
3183,美食
3184,美食
3185,美食
3186,美食
3187,其他生活服务
3188,美食
3189,美食
3190,美食
3191,住宿
3192,美食
3193,旅游
3194,旅游
3195,其他生活服务
3196,住宿
3197,无意义/闲聊
3198,旅游
3199,其他生活服务
3200,住宿
3201,地址/地标
3202,其他生活服务
3203,旅游
3204,美食
3205,旅游
3206,电影
3207,电影
3208,美食
3209,美食
3210,美食
3211,旅游
3212,住宿
3213,其他生活服务
3214,住宿
3215,无意义/闲聊
3216,其他生活服务
3217,其他生活服务
3218,美食
3219,美食
3220,美食
3221,美食
3222,美食
3223,美食
3224,地址/地标
3225,美食
3226,美食
3227,美食
3228,美食
3229,其他生活服务
3230,旅游
3231,美食
3232,交通
3233,美食
3234,旅游
3235,其他生活服务
3236,住宿
3237,其他生活服务
3238,美食
3239,其他生活服务
3240,其他生活服务
3241,地址/地标
3242,超市
3243,旅游
3244,美食
3245,美食
3246,美食
3247,其他生活服务
3248,其他生活服务
3249,其他生活服务
3250,其他生活服务
3251,其他生活服务
3252,其他生活服务
3253,其他生活服务
3254,其他生活服务
3255,超市
3256,美食
3257,旅游
3258,住宿
3259,电影
3260,住宿
3261,美食
3262,旅游
3263,其他生活服务
3264,美食
3265,旅游
3266,交通
3267,旅游
3268,美食
3269,其他生活服务
3270,美食
3271,交通
3272,无意义/闲聊
3273,无意义/闲聊
3274,其他生活服务
3275,美食
3276,其他生活服务
3277,美食
3278,旅游
3279,无意义/闲聊
3280,旅游
3281,美食
3282,其他生活服务
3283,美食
3284,美食
3285,超市
3286,住宿
3287,美食
3288,美食
3289,其他生活服务
3290,其他生活服务
3291,美食
3292,其他生活服务
3293,住宿
3294,交通
3295,美食
3296,旅游
3297,美食
3298,其他生活服务
3299,其他生活服务
3300,其他生活服务
3301,美食
3302,无意义/闲聊
3303,超市
3304,电影
3305,美食
3306,其他生活服务
3307,美食
3308,美食
3309,其他生活服务
3310,无意义/闲聊
3311,电影
3312,旅游
3313,无意义/闲聊
3314,美食
3315,美食
3316,美食
3317,美食
3318,其他生活服务
3319,美食
3320,无意义/闲聊
3321,其他生活服务
3322,旅游
3323,其他生活服务
3324,美食
3325,其他生活服务
3326,美食
3327,美食
3328,美食
3329,美食
3330,电影
3331,美食
3332,旅游
3333,住宿
3334,住宿
3335,美食
3336,美食
3337,美食
3338,美食
3339,美食
3340,其他生活服务
3341,其他生活服务
3342,地址/地标
3343,超市
3344,无意义/闲聊
3345,美食
3346,住宿
3347,美食
3348,住宿
3349,美食
3350,美食
3351,美食
3352,旅游
3353,美食
3354,美食
3355,美食
3356,美食
3357,旅游
3358,美食
3359,住宿
3360,美食
3361,美食
3362,美食
3363,美食
3364,住宿
3365,其他生活服务
3366,美食
3367,美食
3368,美食
3369,旅游
3370,美食
3371,住宿
3372,旅游
3373,其他生活服务
3374,美食
3375,电影
3376,旅游
3377,旅游
3378,电影
3379,美食
3380,其他生活服务
3381,美食
3382,美食
3383,美食
3384,美食
3385,旅游
3386,美食
3387,美食
3388,旅游
3389,美食
3390,旅游
3391,地址/地标
3392,其他生活服务
3393,超市
3394,美食
3395,其他生活服务
3396,无意义/闲聊
3397,美食
3398,地址/地标
3399,美食
3400,旅游
3401,其他生活服务
3402,其他生活服务
3403,无意义/闲聊
3404,无意义/闲聊
3405,住宿
3406,旅游
3407,其他生活服务
3408,其他生活服务
3409,其他生活服务
3410,美食
3411,美食
3412,其他生活服务
3413,美食
3414,电影
3415,美食
3416,美食
3417,住宿
3418,旅游
3419,其他生活服务
3420,电影
3421,美食
3422,地址/地标
3423,美食
3424,其他生活服务
3425,其他生活服务
3426,美食
3427,美食
3428,美食
3429,美食
3430,美食
3431,无意义/闲聊
3432,美食
3433,无意义/闲聊
3434,住宿
3435,其他生活服务
3436,无意义/闲聊
3437,超市
3438,美食
3439,美食
3440,美食
3441,旅游
3442,无意义/闲聊
3443,其他生活服务
3444,其他生活服务
3445,美食
3446,其他生活服务
3447,其他生活服务
3448,超市
3449,其他生活服务
3450,美食
3451,住宿
3452,其他生活服务
3453,美食
3454,旅游
3455,其他生活服务
3456,超市
3457,按摩
3458,住宿
3459,美食
3460,旅游
3461,美食
3462,其他生活服务
3463,其他生活服务
3464,旅游
3465,其他生活服务
3466,其他生活服务
3467,无意义/闲聊
3468,其他生活服务
3469,无意义/闲聊
3470,其他生活服务
3471,美食
3472,电影
3473,美食
3474,美食
3475,住宿
3476,其他生活服务
3477,其他生活服务
3478,其他生活服务
3479,无意义/闲聊
3480,其他生活服务
3481,美食
3482,美食
3483,美食
3484,美食
3485,美食
3486,美食
3487,住宿
3488,其他生活服务
3489,其他生活服务
3490,地址/地标
3491,美食
3492,其他生活服务
3493,其他生活服务
3494,美食
3495,旅游
3496,美食
3497,美食
3498,电影
3499,旅游
3500,美食
3501,住宿
3502,美食
3503,其他生活服务
3504,旅游
3505,其他生活服务
3506,美食
3507,住宿
3508,美食
3509,美食
3510,美食
3511,旅游
3512,超市
3513,旅游
3514,无意义/闲聊
3515,美食
3516,其他生活服务
3517,电影
3518,其他生活服务
3519,旅游
3520,地址/地标
3521,地址/地标
3522,美食
3523,KTV
3524,美食
3525,美食
3526,住宿
3527,美食
3528,住宿
3529,美食
3530,旅游
3531,其他生活服务
3532,无意义/闲聊
3533,美食
3534,旅游
3535,美食
3536,旅游
3537,美食
3538,美食
3539,美食
3540,旅游
3541,美食
3542,旅游
3543,住宿
3544,其他生活服务
3545,旅游
3546,其他生活服务
3547,电影
3548,美食
3549,其他生活服务
3550,美食
3551,旅游
3552,美食
3553,电影
3554,其他生活服务
3555,其他生活服务
3556,其他生活服务
3557,其他生活服务
3558,无意义/闲聊
3559,无意义/闲聊
3560,美食
3561,美食
3562,其他生活服务
3563,美食
3564,美食
3565,旅游
3566,美食
3567,美食
3568,美食
3569,旅游
3570,美食
3571,美食
3572,其他生活服务
3573,美食
3574,旅游
3575,地址/地标
3576,美食
3577,其他生活服务
3578,美食
3579,其他生活服务
3580,旅游
3581,美食
3582,美食
3583,住宿
3584,旅游
3585,住宿
3586,其他生活服务
3587,美食
3588,电影
3589,美食
3590,美食
3591,无意义/闲聊
3592,无意义/闲聊
3593,住宿
3594,其他生活服务
3595,美食
3596,其他生活服务
3597,旅游
3598,其他生活服务
3599,地址/地标
3600,其他生活服务
3601,其他生活服务
3602,按摩
3603,美食
3604,电影
3605,其他生活服务
3606,美食
3607,旅游
3608,美食
3609,美食
3610,美食
3611,旅游
3612,无意义/闲聊
3613,其他生活服务
3614,其他生活服务
3615,美食
3616,住宿
3617,超市
3618,按摩
3619,美食
3620,旅游
3621,其他生活服务
3622,电影
3623,旅游
3624,美食
3625,电影
3626,美食
3627,交通
3628,美食
3629,其他生活服务
3630,电影
3631,美食
3632,其他生活服务
3633,地址/地标
3634,无意义/闲聊
3635,其他生活服务
3636,电影
3637,美食
3638,住宿
3639,无意义/闲聊
3640,其他生活服务
3641,美食
3642,美食
3643,美食
3644,旅游
3645,美食
3646,美食
3647,其他生活服务
3648,住宿
3649,无意义/闲聊
3650,住宿
3651,住宿
3652,其他生活服务
3653,无意义/闲聊
3654,住宿
3655,美食
3656,无意义/闲聊
3657,美食
3658,其他生活服务
3659,美食
3660,电影
3661,美食
3662,其他生活服务
3663,美食
3664,美食
3665,其他生活服务
3666,无意义/闲聊
3667,超市
3668,美食
3669,其他生活服务
3670,旅游
3671,住宿
3672,旅游
3673,其他生活服务
3674,交通
3675,美食
3676,美食
3677,美食
3678,电影
3679,美食
3680,其他生活服务
3681,住宿
3682,旅游
3683,美食
3684,地址/地标
3685,美食
3686,其他生活服务
3687,旅游
3688,其他生活服务
3689,美食
3690,美食
3691,其他生活服务
3692,电影
3693,美食
3694,美食
3695,旅游
3696,其他生活服务
3697,旅游
3698,超市
3699,无意义/闲聊
3700,其他生活服务
3701,住宿
3702,其他生活服务
3703,美食
3704,旅游
3705,其他生活服务
3706,其他生活服务
3707,其他生活服务
3708,美食
3709,美食
3710,美食
3711,旅游
3712,电影
3713,其他生活服务
3714,美食
3715,美食
3716,美食
3717,旅游
3718,美食
3719,美食
3720,旅游
3721,美食
3722,其他生活服务
3723,美食
3724,其他生活服务
3725,美食
3726,美食
3727,旅游
3728,地址/地标
3729,住宿
3730,旅游
3731,其他生活服务
3732,旅游
3733,其他生活服务
3734,其他生活服务
3735,旅游
3736,美食
3737,美食
3738,旅游
3739,其他生活服务
3740,住宿
3741,其他生活服务
3742,无意义/闲聊
3743,无意义/闲聊
3744,其他生活服务
3745,旅游
3746,超市
3747,旅游
3748,其他生活服务
3749,旅游
3750,旅游
3751,旅游
3752,美食
3753,旅游
3754,地址/地标
3755,其他生活服务
3756,美食
3757,其他生活服务
3758,住宿
3759,旅游
3760,美食
3761,按摩
3762,美食
3763,美食
3764,其他生活服务
3765,超市
3766,旅游
3767,美食
3768,其他生活服务
3769,超市
3770,住宿
3771,其他生活服务
3772,其他生活服务
3773,旅游
3774,住宿
3775,其他生活服务
3776,美食
3777,电影
3778,按摩
3779,其他生活服务
3780,无意义/闲聊
3781,其他生活服务
3782,美食
3783,其他生活服务
3784,美食
3785,无意义/闲聊
3786,交通
3787,按摩
3788,无意义/闲聊
3789,美食
3790,美食
3791,住宿
3792,其他生活服务
3793,无意义/闲聊
3794,旅游
3795,其他生活服务
3796,旅游
3797,美食
3798,地址/地标
3799,旅游
3800,美食
3801,地址/地标
3802,交通
3803,美食
3804,旅游
3805,美食
3806,住宿
3807,无意义/闲聊
3808,地址/地标
3809,其他生活服务
3810,住宿
3811,美食
3812,美食
3813,地址/地标
3814,无意义/闲聊
3815,美食
3816,旅游
3817,住宿
3818,按摩
3819,旅游
3820,旅游
3821,旅游
3822,其他生活服务
3823,无意义/闲聊
3824,美食
3825,旅游
3826,地址/地标
3827,美食
3828,地址/地标
3829,美食
3830,美食
3831,美食
3832,其他生活服务
3833,其他生活服务
3834,无意义/闲聊
3835,其他生活服务
3836,电影
3837,旅游
3838,美食
3839,地址/地标
3840,美食
3841,美食
3842,美食
3843,美食
3844,美食
3845,美食
3846,地址/地标
3847,超市
3848,其他生活服务
3849,住宿
3850,美食
3851,美食
3852,无意义/闲聊
3853,美食
3854,其他生活服务
3855,其他生活服务
3856,其他生活服务
3857,美食
3858,美食
3859,其他生活服务
3860,美食
3861,电影
3862,无意义/闲聊
3863,无意义/闲聊
3864,美食
3865,美食
3866,美食
3867,电影
3868,其他生活服务
3869,其他生活服务
3870,旅游
3871,美食
3872,无意义/闲聊
3873,美食
3874,其他生活服务
3875,无意义/闲聊
3876,其他生活服务
3877,旅游
3878,美食
3879,其他生活服务
3880,其他生活服务
3881,无意义/闲聊
3882,美食
3883,其他生活服务
3884,美食
3885,美食
3886,美食
3887,其他生活服务
3888,旅游
3889,美食
3890,美食
3891,其他生活服务
3892,美食
3893,美食
3894,美食
3895,其他生活服务
3896,旅游
3897,其他生活服务
3898,无意义/闲聊
3899,美食
3900,住宿
3901,美食
3902,美食
3903,其他生活服务
3904,美食
3905,美食
3906,旅游
3907,美食
3908,其他生活服务
3909,电影
3910,美食
3911,住宿
3912,按摩
3913,美食
3914,美食
3915,美食
3916,其他生活服务
3917,其他生活服务
3918,地址/地标
3919,美食
3920,其他生活服务
3921,其他生活服务
3922,其他生活服务
3923,无意义/闲聊
3924,电影
3925,美食
3926,其他生活服务
3927,旅游
3928,美食
3929,美食
3930,其他生活服务
3931,其他生活服务
3932,住宿
3933,住宿
3934,电影
3935,无意义/闲聊
3936,美食
3937,旅游
3938,住宿
3939,住宿
3940,地址/地标
3941,住宿
3942,超市
3943,美食
3944,其他生活服务
3945,美食
3946,美食
3947,美食
3948,美食
3949,美食
3950,其他生活服务
3951,其他生活服务
3952,无意义/闲聊
3953,其他生活服务
3954,无意义/闲聊
3955,地址/地标
3956,美食
3957,其他生活服务
3958,美食
3959,美食
3960,按摩
3961,其他生活服务
3962,住宿
3963,住宿
3964,美食
3965,其他生活服务
3966,美食
3967,其他生活服务
3968,其他生活服务
3969,按摩
3970,旅游
3971,旅游
3972,美食
3973,美食
3974,其他生活服务
3975,电影
3976,旅游
3977,美食
3978,美食
3979,其他生活服务
3980,电影
3981,交通
3982,美食
3983,美食
3984,美食
3985,旅游
3986,其他生活服务
3987,旅游
3988,美食
3989,住宿
3990,其他生活服务
3991,无意义/闲聊
3992,旅游
3993,交通
3994,旅游
3995,旅游
3996,无意义/闲聊
3997,其他生活服务
3998,美食
3999,旅游
4000,电影
4001,美食
4002,地址/地标
4003,美食
4004,无意义/闲聊
4005,其他生活服务
4006,其他生活服务
4007,无意义/闲聊
4008,地址/地标
4009,美食
4010,美食
4011,美食
4012,美食
4013,无意义/闲聊
4014,美食
4015,美食
4016,美食
4017,电影
4018,旅游
4019,住宿
4020,无意义/闲聊
4021,美食
4022,其他生活服务
4023,美食
4024,美食
4025,美食
4026,美食
4027,按摩
4028,无意义/闲聊
4029,旅游
4030,美食
4031,美食
4032,其他生活服务
4033,无意义/闲聊
4034,美食
4035,旅游
4036,其他生活服务
4037,其他生活服务
4038,美食
4039,其他生活服务
4040,美食
4041,住宿
4042,无意义/闲聊
4043,美食
4044,其他生活服务
4045,旅游
4046,美食
4047,美食
4048,美食
4049,美食
4050,美食
4051,地址/地标
4052,无意义/闲聊
4053,美食
4054,地址/地标
4055,美食
4056,美食
4057,其他生活服务
4058,美食
4059,其他生活服务
4060,其他生活服务
4061,旅游
4062,美食
4063,美食
4064,其他生活服务
4065,美食
4066,美食
4067,地址/地标
4068,美食
4069,美食
4070,美食
4071,其他生活服务
4072,美食
4073,美食
4074,其他生活服务
4075,其他生活服务
4076,旅游
4077,美食
4078,美食
4079,住宿
4080,旅游
4081,住宿
4082,美食
4083,美食
4084,美食
4085,美食
4086,美食
4087,美食
4088,旅游
4089,美食
4090,美食
4091,美食
4092,地址/地标
4093,美食
4094,旅游
4095,旅游
4096,无意义/闲聊
4097,地址/地标
4098,其他生活服务
4099,美食
4100,电影
4101,旅游
4102,其他生活服务
4103,无意义/闲聊
4104,其他生活服务
4105,住宿
4106,电影
4107,住宿
4108,美食
4109,美食
4110,美食
4111,地址/地标
4112,旅游
4113,旅游
4114,美食
4115,美食
4116,旅游
4117,美食
4118,美食
4119,美食
4120,美食
4121,住宿
4122,地址/地标
4123,住宿
4124,美食
4125,其他生活服务
4126,其他生活服务
4127,其他生活服务
4128,美食
4129,其他生活服务
4130,美食
4131,美食
4132,地址/地标
4133,美食
4134,美食
4135,地址/地标
4136,其他生活服务
4137,其他生活服务
4138,美食
4139,其他生活服务
4140,其他生活服务
4141,美食
4142,住宿
4143,旅游
4144,美食
4145,其他生活服务
4146,其他生活服务
4147,其他生活服务
4148,无意义/闲聊
4149,美食
4150,美食
4151,美食
4152,其他生活服务
4153,美食
4154,美食
4155,旅游
4156,其他生活服务
4157,美食
4158,美食
4159,按摩
4160,电影
4161,美食
4162,其他生活服务
4163,美食
4164,美食
4165,美食
4166,美食
4167,旅游
4168,美食
4169,住宿
4170,其他生活服务
4171,美食
4172,美食
4173,其他生活服务
4174,美食
4175,美食
4176,住宿
4177,美食
4178,无意义/闲聊
4179,美食
4180,美食
4181,美食
4182,其他生活服务
4183,美食
4184,美食
4185,美食
4186,地址/地标
4187,旅游
4188,地址/地标
4189,住宿
4190,电影
4191,美食
4192,无意义/闲聊
4193,无意义/闲聊
4194,美食
4195,美食
4196,旅游
4197,无意义/闲聊
4198,无意义/闲聊
4199,美食
4200,美食
4201,旅游
4202,其他生活服务
4203,美食
4204,无意义/闲聊
4205,住宿
4206,旅游
4207,其他生活服务
4208,无意义/闲聊
4209,旅游
4210,无意义/闲聊
4211,其他生活服务
4212,其他生活服务
4213,美食
4214,其他生活服务
4215,其他生活服务
4216,旅游
4217,住宿
4218,美食
4219,无意义/闲聊
4220,旅游
4221,美食
4222,其他生活服务
4223,其他生活服务
4224,其他生活服务
4225,其他生活服务
4226,旅游
4227,其他生活服务
4228,住宿
4229,旅游
4230,美食
4231,美食
4232,美食
4233,美食
4234,无意义/闲聊
4235,无意义/闲聊
4236,旅游
4237,电影
4238,美食
4239,美食
4240,住宿
4241,美食
4242,其他生活服务
4243,电影
4244,美食
4245,美食
4246,其他生活服务
4247,电影
4248,美食
4249,电影
4250,美食
4251,地址/地标
4252,其他生活服务
4253,无意义/闲聊
4254,其他生活服务
4255,住宿
4256,旅游
4257,无意义/闲聊
4258,旅游
4259,旅游
4260,美食
4261,无意义/闲聊
4262,电影
4263,其他生活服务
4264,美食
4265,其他生活服务
4266,美食
4267,旅游
4268,无意义/闲聊
4269,其他生活服务
4270,美食
4271,其他生活服务
4272,美食
4273,美食
4274,其他生活服务
4275,其他生活服务
4276,美食
4277,美食
4278,住宿
4279,美食
4280,美食
4281,美食
4282,电影
4283,美食
4284,超市
4285,其他生活服务
4286,美食
4287,美食
4288,旅游
4289,美食
4290,其他生活服务
4291,其他生活服务
4292,住宿
4293,美食
4294,其他生活服务
4295,无意义/闲聊
4296,电影
4297,美食
4298,美食
4299,其他生活服务
4300,旅游
4301,无意义/闲聊
4302,其他生活服务
4303,美食
4304,旅游
4305,美食
4306,地址/地标
4307,其他生活服务
4308,美食
4309,美食
4310,美食
4311,其他生活服务
4312,美食
4313,美食
4314,其他生活服务
4315,美食
4316,住宿
4317,美食
4318,其他生活服务
4319,电影
4320,无意义/闲聊
4321,无意义/闲聊
4322,美食
4323,美食
4324,电影
4325,美食
4326,地址/地标
4327,无意义/闲聊
4328,电影
4329,地址/地标
4330,其他生活服务
4331,其他生活服务
4332,美食
4333,美食
4334,美食
4335,无意义/闲聊
4336,其他生活服务
4337,其他生活服务
4338,无意义/闲聊
4339,其他生活服务
4340,电影
4341,美食
4342,旅游
4343,美食
4344,其他生活服务
4345,其他生活服务
4346,电影
4347,美食
4348,美食
4349,电影
4350,旅游
4351,美食
4352,地址/地标
4353,旅游
4354,美食
4355,住宿
4356,无意义/闲聊
4357,无意义/闲聊
4358,地址/地标
4359,地址/地标
4360,美食
4361,住宿
4362,美食
4363,美食
4364,其他生活服务
4365,其他生活服务
4366,美食
4367,其他生活服务
4368,住宿
4369,住宿
4370,住宿
4371,美食
4372,美食
4373,其他生活服务
4374,其他生活服务
4375,无意义/闲聊
4376,美食
4377,其他生活服务
4378,美食
4379,无意义/闲聊
4380,美食
4381,住宿
4382,旅游
4383,美食
4384,其他生活服务
4385,其他生活服务
4386,美食
4387,美食
4388,其他生活服务
4389,美食
4390,无意义/闲聊
4391,美食
4392,按摩
4393,美食
4394,美食
4395,美食
4396,美食
4397,美食
4398,其他生活服务
4399,电影
4400,美食
4401,住宿
4402,美食
4403,其他生活服务
4404,无意义/闲聊
4405,其他生活服务
4406,其他生活服务
4407,美食
4408,美食
4409,住宿
4410,美食
4411,其他生活服务
4412,其他生活服务
4413,其他生活服务
4414,按摩
4415,美食
4416,旅游
4417,旅游
4418,其他生活服务
4419,无意义/闲聊
4420,美食
4421,其他生活服务
4422,旅游
4423,美食
4424,美食
4425,美食
4426,其他生活服务
4427,美食
4428,美食
4429,其他生活服务
4430,美食
4431,旅游
4432,美食
4433,其他生活服务
4434,无意义/闲聊
4435,交通
4436,美食
4437,其他生活服务
4438,住宿
4439,其他生活服务
4440,超市
4441,旅游
4442,美食
4443,电影
4444,地址/地标
4445,美食
4446,其他生活服务
4447,住宿
4448,旅游
4449,美食
4450,美食
4451,住宿
4452,美食
4453,按摩
4454,其他生活服务
4455,其他生活服务
4456,美食
4457,住宿
4458,无意义/闲聊
4459,电影
4460,美食
4461,其他生活服务
4462,其他生活服务
4463,美食
4464,美食
4465,其他生活服务
4466,其他生活服务
4467,住宿
4468,美食
4469,美食
4470,美食
4471,美食
4472,住宿
4473,其他生活服务
4474,住宿
4475,美食
4476,住宿
4477,美食
4478,电影
4479,其他生活服务
4480,旅游
4481,地址/地标
4482,无意义/闲聊
4483,美食
4484,美食
4485,旅游
4486,美食
4487,地址/地标
4488,地址/地标
4489,电影
4490,按摩
4491,住宿
4492,美食
4493,美食
4494,地址/地标
4495,其他生活服务
4496,地址/地标
4497,其他生活服务
4498,地址/地标
4499,美食
4500,美食
4501,无意义/闲聊
4502,其他生活服务
4503,美食
4504,美食
4505,住宿
4506,无意义/闲聊
4507,地址/地标
4508,美食
4509,旅游
4510,美食
4511,美食
4512,其他生活服务
4513,其他生活服务
4514,旅游
4515,旅游
4516,美食
4517,美食
4518,旅游
4519,美食
4520,美食
4521,美食
4522,美食
4523,住宿
4524,美食
4525,美食
4526,美食
4527,住宿
4528,美食
4529,美食
4530,旅游
4531,无意义/闲聊
4532,旅游
4533,无意义/闲聊
4534,美食
4535,其他生活服务
4536,美食
4537,美食
4538,超市
4539,美食
4540,住宿
4541,美食
4542,美食
4543,美食
4544,美食
4545,旅游
4546,旅游
4547,美食
4548,美食
4549,美食
4550,美食
4551,其他生活服务
4552,美食
4553,其他生活服务
4554,其他生活服务
4555,美食
4556,地址/地标
4557,旅游
4558,其他生活服务
4559,美食
4560,美食
4561,旅游
4562,其他生活服务
4563,旅游
4564,其他生活服务
4565,无意义/闲聊
4566,美食
4567,美食
4568,美食
4569,其他生活服务
4570,旅游
4571,美食
4572,旅游
4573,美食
4574,其他生活服务
4575,电影
4576,美食
4577,美食
4578,美食
4579,美食
4580,地址/地标
4581,美食
4582,美食
4583,按摩
4584,其他生活服务
4585,住宿
4586,地址/地标
4587,美食
4588,住宿
4589,美食
4590,美食
4591,旅游
4592,美食
4593,住宿
4594,其他生活服务
4595,旅游
4596,住宿
4597,超市
4598,无意义/闲聊
4599,无意义/闲聊
4600,其他生活服务
4601,住宿
4602,其他生活服务
4603,地址/地标
4604,其他生活服务
4605,住宿
4606,旅游
4607,其他生活服务
4608,地址/地标
4609,旅游
4610,无意义/闲聊
4611,其他生活服务
4612,无意义/闲聊
4613,美食
4614,其他生活服务
4615,旅游
4616,美食
4617,美食
4618,美食
4619,美食
4620,美食
4621,美食
4622,美食
4623,美食
4624,旅游
4625,美食
4626,美食
4627,无意义/闲聊
4628,美食
4629,旅游
4630,美食
4631,美食
4632,美食
4633,美食
4634,美食
4635,地址/地标
4636,其他生活服务
4637,无意义/闲聊
4638,美食
4639,美食
4640,美食
4641,美食
4642,无意义/闲聊
4643,住宿
4644,美食
4645,美食
4646,美食
4647,电影
4648,无意义/闲聊
4649,无意义/闲聊
4650,其他生活服务
4651,美食
4652,美食
4653,其他生活服务
4654,美食
4655,美食
4656,住宿
4657,其他生活服务
4658,美食
4659,美食
4660,无意义/闲聊
4661,其他生活服务
4662,旅游
4663,美食
4664,无意义/闲聊
4665,无意义/闲聊
4666,美食
4667,美食
4668,无意义/闲聊
4669,美食
4670,其他生活服务
4671,美食
4672,其他生活服务
4673,无意义/闲聊
4674,旅游
4675,住宿
4676,其他生活服务
4677,美食
4678,住宿
4679,其他生活服务
4680,美食
4681,美食
4682,美食
4683,其他生活服务
4684,美食
4685,旅游
4686,美食
4687,美食
4688,美食
4689,美食
4690,电影
4691,美食
4692,地址/地标
4693,旅游
4694,无意义/闲聊
4695,美食
4696,电影
4697,美食
4698,美食
4699,旅游
4700,美食
4701,美食
4702,美食
4703,美食
4704,电影
4705,美食
4706,美食
4707,地址/地标
4708,交通
4709,电影
4710,美食
4711,其他生活服务
4712,美食
4713,住宿
4714,旅游
4715,地址/地标
4716,其他生活服务
4717,无意义/闲聊
4718,住宿
4719,旅游
4720,美食
4721,按摩
4722,美食
4723,旅游
4724,美食
4725,美食
4726,地址/地标
4727,美食
4728,按摩
4729,其他生活服务
4730,美食
4731,美食
4732,地址/地标
4733,住宿
4734,电影
4735,美食
4736,住宿
4737,其他生活服务
4738,美食
4739,其他生活服务
4740,交通
4741,旅游
4742,美食
4743,旅游
4744,美食
4745,超市
4746,其他生活服务
4747,美食
4748,地址/地标
4749,美食
4750,电影
4751,其他生活服务
4752,美食
4753,地址/地标
4754,按摩
4755,旅游
4756,旅游
4757,其他生活服务
4758,美食
4759,美食
4760,其他生活服务
4761,美食
4762,其他生活服务
4763,美食
4764,无意义/闲聊
4765,美食
4766,美食
4767,美食
4768,美食
4769,旅游
4770,无意义/闲聊
4771,住宿
4772,旅游
4773,无意义/闲聊
4774,美食
4775,其他生活服务
4776,其他生活服务
4777,地址/地标
4778,美食
4779,无意义/闲聊
4780,无意义/闲聊
4781,无意义/闲聊
4782,旅游
4783,美食
4784,旅游
4785,美食
4786,美食
4787,美食
4788,美食
4789,旅游
4790,美食
4791,美食
4792,旅游
4793,美食
4794,其他生活服务
4795,美食
4796,旅游
4797,美食
4798,旅游
4799,住宿
4800,美食
4801,美食
4802,旅游
4803,住宿
4804,其他生活服务
4805,其他生活服务
4806,美食
4807,住宿
4808,无意义/闲聊
4809,美食
4810,美食
4811,美食
4812,住宿
4813,其他生活服务
4814,旅游
4815,其他生活服务
4816,其他生活服务
4817,无意义/闲聊
4818,美食
4819,旅游
4820,美食
4821,旅游
4822,住宿
4823,交通
4824,住宿
4825,无意义/闲聊
4826,其他生活服务
4827,旅游
4828,美食
4829,美食
4830,美食
4831,其他生活服务
4832,其他生活服务
4833,其他生活服务
4834,美食
4835,美食
4836,地址/地标
4837,美食
4838,美食
4839,美食
4840,其他生活服务
4841,住宿
4842,其他生活服务
4843,其他生活服务
4844,美食
4845,美食
4846,美食
4847,美食
4848,其他生活服务
4849,美食
4850,其他生活服务
4851,美食
4852,无意义/闲聊
4853,美食
4854,美食
4855,无意义/闲聊
4856,交通
4857,其他生活服务
4858,旅游
4859,旅游
4860,美食
4861,无意义/闲聊
4862,按摩
4863,无意义/闲聊
4864,电影
4865,美食
4866,住宿
4867,住宿
4868,美食
4869,其他生活服务
4870,美食
4871,其他生活服务
4872,美食
4873,美食
4874,其他生活服务
4875,住宿
4876,其他生活服务
4877,美食
4878,美食
4879,美食
4880,无意义/闲聊
4881,美食
4882,美食
4883,美食
4884,美食
4885,其他生活服务
4886,美食
4887,美食
4888,美食
4889,美食
4890,美食
4891,旅游
4892,电影
4893,美食
4894,美食
4895,无意义/闲聊
4896,住宿
4897,美食
4898,美食
4899,美食
4900,美食
4901,住宿
4902,美食
4903,其他生活服务
4904,美食
4905,美食
4906,美食
4907,其他生活服务
4908,超市
4909,旅游
4910,美食
4911,美食
4912,住宿
4913,美食
4914,其他生活服务
4915,美食
4916,美食
4917,地址/地标
4918,美食
4919,旅游
4920,旅游
4921,无意义/闲聊
4922,住宿
4923,住宿
4924,电影
4925,交通
4926,无意义/闲聊
4927,美食
4928,地址/地标
4929,其他生活服务
4930,住宿
4931,其他生活服务
4932,住宿
4933,美食
4934,电影
4935,交通
4936,美食
4937,美食
4938,无意义/闲聊
4939,美食
4940,旅游
4941,美食
4942,其他生活服务
4943,其他生活服务
4944,美食
4945,美食
4946,美食
4947,美食
4948,旅游
4949,无意义/闲聊
4950,无意义/闲聊
4951,美食
4952,地址/地标
4953,住宿
4954,其他生活服务
4955,电影
4956,无意义/闲聊
4957,旅游
4958,旅游
4959,地址/地标
4960,无意义/闲聊
4961,美食
4962,美食
4963,美食
4964,无意义/闲聊
4965,其他生活服务
4966,超市
4967,其他生活服务
4968,其他生活服务
4969,美食
4970,旅游
4971,美食
4972,旅游
4973,住宿
4974,其他生活服务
4975,美食
4976,旅游
4977,美食
4978,住宿
4979,住宿
4980,旅游
4981,其他生活服务
4982,美食
4983,美食
4984,美食
4985,美食
4986,美食
4987,住宿
4988,其他生活服务
4989,地址/地标
4990,美食
4991,电影
4992,无意义/闲聊
4993,旅游
4994,旅游
4995,地址/地标
4996,旅游
4997,其他生活服务
4998,无意义/闲聊
4999,其他生活服务
5000,旅游
5001,美食
5002,美食
5003,美食
5004,美食
5005,住宿
5006,美食
5007,美食
5008,旅游
5009,美食
5010,其他生活服务
5011,住宿
5012,旅游
5013,美食
5014,美食
5015,其他生活服务
5016,其他生活服务
5017,美食
5018,美食
5019,美食
5020,美食
5021,旅游
5022,其他生活服务
5023,其他生活服务
5024,其他生活服务
5025,住宿
5026,其他生活服务
5027,其他生活服务
5028,美食
5029,其他生活服务
5030,其他生活服务
5031,美食
5032,美食
5033,超市
5034,其他生活服务
5035,其他生活服务
5036,美食
5037,美食
5038,美食
5039,其他生活服务
5040,美食
5041,美食
5042,旅游
5043,美食
5044,电影
5045,住宿
5046,美食
5047,旅游
5048,其他生活服务
5049,美食
5050,旅游
5051,美食
5052,其他生活服务
5053,电影
5054,其他生活服务
5055,美食
5056,美食
5057,美食
5058,其他生活服务
5059,无意义/闲聊
5060,美食
5061,旅游
5062,美食
5063,旅游
5064,其他生活服务
5065,美食
5066,美食
5067,旅游
5068,旅游
5069,美食
5070,电影
5071,美食
5072,住宿
5073,美食
5074,美食
5075,其他生活服务
5076,其他生活服务
5077,美食
5078,其他生活服务
5079,超市
5080,美食
5081,其他生活服务
5082,其他生活服务
5083,无意义/闲聊
5084,美食
5085,无意义/闲聊
5086,美食
5087,交通
5088,住宿
5089,旅游
5090,美食
5091,无意义/闲聊
5092,旅游
5093,旅游
5094,美食
5095,美食
5096,美食
5097,美食
5098,其他生活服务
5099,旅游
5100,其他生活服务
5101,美食
5102,地址/地标
5103,无意义/闲聊
5104,住宿
5105,旅游
5106,美食
5107,旅游
5108,其他生活服务
5109,其他生活服务
5110,美食
5111,交通
5112,无意义/闲聊
5113,美食
5114,其他生活服务
5115,无意义/闲聊
5116,旅游
5117,旅游
5118,无意义/闲聊
5119,地址/地标
5120,旅游
5121,旅游
5122,美食
5123,美食
5124,旅游
5125,电影
5126,旅游
5127,美食
5128,旅游
5129,其他生活服务
5130,旅游
5131,旅游
5132,无意义/闲聊
5133,电影
5134,美食
5135,旅游
5136,美食
5137,其他生活服务
5138,旅游
5139,其他生活服务
5140,无意义/闲聊
5141,美食
5142,无意义/闲聊
5143,美食
5144,其他生活服务
5145,美食
5146,美食
5147,其他生活服务
5148,无意义/闲聊
5149,超市
5150,其他生活服务
5151,美食
5152,美食
5153,其他生活服务
5154,住宿
5155,电影
5156,地址/地标
5157,超市
5158,美食
5159,旅游
5160,旅游
5161,美食
5162,美食
5163,其他生活服务
5164,旅游
5165,美食
5166,其他生活服务
5167,美食
5168,旅游
5169,旅游
5170,美食
5171,美食
5172,美食
5173,旅游
5174,无意义/闲聊
5175,其他生活服务
5176,交通
5177,旅游
5178,其他生活服务
5179,美食
5180,美食
5181,电影
5182,旅游
5183,电影
5184,其他生活服务
5185,按摩
5186,旅游
5187,美食
5188,美食
5189,无意义/闲聊
5190,其他生活服务
5191,美食
5192,其他生活服务
5193,住宿
5194,美食
5195,住宿
5196,旅游
5197,电影
5198,美食
5199,美食
5200,其他生活服务
5201,电影
5202,其他生活服务
5203,美食
5204,无意义/闲聊
5205,美食
5206,美食
5207,交通
5208,美食
5209,美食
5210,其他生活服务
5211,美食
5212,其他生活服务
5213,美食
5214,住宿
5215,电影
5216,电影
5217,电影
5218,其他生活服务
5219,电影
5220,电影
5221,电影
5222,电影
5223,电影
5224,电影
5225,电影
5226,电影
5227,电影
5228,电影
5229,电影
5230,电影
5231,电影
5232,电影
5233,电影
5234,电影
5235,电影
5236,电影
5237,电影
5238,电影
5239,电影
5240,电影
5241,电影
5242,电影
5243,电影
5244,电影
5245,电影
5246,电影
5247,电影
5248,电影
5249,电影
5250,电影
5251,其他生活服务
5252,电影
5253,其他生活服务
5254,电影
5255,电影
5256,电影
5257,电影
5258,电影
5259,电影
5260,电影
5261,无意义/闲聊
5262,电影
5263,电影
5264,电影
5265,电影
5266,电影
5267,电影
5268,电影
5269,电影
5270,电影
5271,电影
5272,电影
5273,电影
5274,电影
5275,电影
5276,电影
5277,电影
5278,电影
5279,电影
5280,电影
5281,电影
5282,电影
5283,电影
5284,电影
5285,电影
5286,其他生活服务
5287,电影
5288,电影
5289,电影
5290,电影
5291,电影
5292,电影
5293,电影
5294,电影
5295,电影
5296,电影
5297,电影
5298,电影
5299,电影
5300,无意义/闲聊
5301,电影
5302,电影
5303,电影
5304,电影
5305,电影
5306,电影
5307,电影
5308,地址/地标
5309,电影
5310,电影
5311,电影
5312,电影
5313,电影
5314,电影
5315,电影
5316,电影
5317,电影
5318,其他生活服务
5319,电影
5320,电影
5321,电影
5322,电影
5323,电影
5324,电影
5325,电影
5326,电影
5327,电影
5328,电影
5329,电影
5330,电影
5331,电影
5332,电影
5333,电影
5334,电影
5335,电影
5336,电影
5337,电影
5338,无意义/闲聊
5339,电影
5340,电影
5341,电影
5342,电影
5343,电影
5344,电影
5345,电影
5346,旅游
5347,美食
5348,电影
5349,电影
5350,电影
5351,旅游
5352,电影
5353,电影
5354,电影
5355,电影
5356,电影
5357,电影
5358,电影
5359,电影
5360,其他生活服务
5361,电影
5362,其他生活服务
5363,电影
5364,电影
5365,电影
5366,电影
5367,电影
5368,电影
5369,电影
5370,电影
5371,电影
5372,电影
5373,电影
5374,电影
5375,电影
5376,电影
5377,电影
5378,电影
5379,其他生活服务
5380,电影
5381,其他生活服务
5382,电影
5383,电影
5384,美食
5385,电影
5386,电影
5387,电影
5388,电影
5389,电影
5390,旅游
5391,电影
5392,电影
5393,电影
5394,电影
5395,电影
5396,电影
5397,无意义/闲聊
5398,其他生活服务
5399,电影
5400,电影
5401,电影
5402,电影
5403,电影
5404,电影
5405,电影
5406,电影
5407,电影
5408,电影
5409,地址/地标
5410,电影
5411,电影
5412,电影
5413,电影
5414,电影
5415,电影
5416,电影
5417,电影
5418,电影
5419,电影
5420,电影
5421,电影
5422,电影
5423,电影
5424,其他生活服务
5425,电影
5426,电影
5427,电影
5428,电影
5429,其他生活服务
5430,电影
5431,电影
5432,电影
5433,电影
5434,电影
5435,电影
5436,电影
5437,电影
5438,电影
5439,电影
5440,电影
5441,电影
5442,电影
5443,电影
5444,电影
5445,电影
5446,其他生活服务
5447,电影
5448,电影
5449,电影
5450,电影
5451,电影
5452,电影
5453,电影
5454,电影
5455,电影
5456,电影
5457,电影
5458,电影
5459,电影
5460,电影
5461,电影
5462,电影
5463,电影
5464,电影
5465,电影
5466,电影
5467,电影
5468,电影
5469,电影
5470,电影
5471,其他生活服务
5472,电影
5473,电影
5474,电影
5475,电影
5476,电影
5477,其他生活服务
5478,电影
5479,电影
5480,电影
5481,电影
5482,电影
5483,电影
5484,电影
5485,电影
5486,电影
5487,电影
5488,电影
5489,电影
5490,电影
5491,电影
5492,电影
5493,电影
5494,电影
5495,电影
5496,电影
5497,电影
5498,电影
5499,电影
5500,电影
5501,电影
5502,电影
5503,电影
5504,电影
5505,电影
5506,电影
5507,电影
5508,电影
5509,电影
5510,无意义/闲聊
5511,电影
5512,地址/地标
5513,电影
5514,电影
5515,电影
5516,电影
5517,电影
5518,其他生活服务
5519,电影
5520,电影
5521,电影
5522,电影
5523,电影
5524,电影
5525,电影
5526,电影
5527,电影
5528,电影
5529,电影
5530,电影
5531,电影
5532,电影
5533,电影
5534,电影
5535,电影
5536,电影
5537,电影
5538,电影
5539,电影
5540,电影
5541,地址/地标
5542,电影
5543,电影
5544,电影
5545,电影
5546,电影
5547,电影
5548,电影
5549,电影
5550,电影
5551,电影
5552,电影
5553,电影
5554,美食
5555,电影
5556,电影
5557,电影
5558,电影
5559,电影
5560,电影
5561,电影
5562,电影
5563,电影
5564,电影
5565,电影
5566,无意义/闲聊
5567,电影
5568,电影
5569,电影
5570,电影
5571,电影
5572,电影
5573,电影
5574,无意义/闲聊
5575,电影
5576,电影
5577,电影
5578,电影
5579,电影
5580,电影
5581,电影
5582,电影
5583,电影
5584,地址/地标
5585,电影
5586,电影
5587,电影
5588,电影
5589,电影
5590,电影
5591,电影
5592,电影
5593,电影
5594,电影
5595,电影
5596,电影
5597,电影
5598,电影
5599,电影
5600,无意义/闲聊
5601,电影
5602,电影
5603,电影
5604,电影
5605,电影
5606,电影
5607,电影
5608,电影
5609,电影
5610,其他生活服务
5611,电影
5612,电影
5613,电影
5614,电影
5615,电影
5616,电影
5617,电影
5618,电影
5619,电影
5620,电影
5621,电影
5622,电影
5623,电影
5624,电影
5625,电影
5626,电影
5627,电影
5628,电影
5629,电影
5630,电影
5631,电影
5632,电影
5633,电影
5634,电影
5635,电影
5636,电影
5637,电影
5638,电影
5639,电影
5640,电影
5641,电影
5642,电影
5643,电影
5644,电影
5645,电影
5646,电影
5647,电影
5648,无意义/闲聊
5649,电影
5650,电影
5651,电影
5652,电影
5653,电影
5654,电影
5655,电影
5656,电影
5657,电影
5658,其他生活服务
5659,电影
5660,电影
5661,电影
5662,其他生活服务
5663,无意义/闲聊
5664,电影
5665,电影
5666,电影
5667,电影
5668,电影
5669,电影
5670,电影
5671,电影
5672,电影
5673,电影
5674,电影
5675,无意义/闲聊
5676,电影
5677,旅游
5678,其他生活服务
5679,电影
5680,电影
5681,其他生活服务
5682,电影
5683,电影
5684,电影
5685,电影
5686,电影
5687,电影
5688,电影
5689,旅游
5690,电影
5691,电影
5692,电影
5693,电影
5694,其他生活服务
5695,电影
5696,电影
5697,电影
5698,电影
5699,电影
5700,电影
5701,电影
5702,其他生活服务
5703,电影
5704,电影
5705,电影
5706,电影
5707,电影
5708,电影
5709,电影
5710,电影
5711,其他生活服务
5712,电影
5713,电影
5714,电影
5715,电影
5716,电影
5717,电影
5718,电影
5719,其他生活服务
5720,电影
5721,电影
5722,电影
5723,电影
5724,电影
5725,电影
5726,其他生活服务
5727,无意义/闲聊
5728,电影
5729,电影
5730,电影
5731,电影
5732,电影
5733,电影
5734,电影
5735,电影
5736,电影
5737,电影
5738,电影
5739,电影
5740,电影
5741,无意义/闲聊
5742,电影
5743,电影
5744,电影
5745,电影
5746,电影
5747,电影
5748,电影
5749,地址/地标
5750,电影
5751,电影
5752,电影
5753,美食
5754,电影
5755,电影
5756,电影
5757,电影
5758,电影
5759,电影
5760,电影
5761,电影
5762,电影
5763,电影
5764,电影
5765,电影
5766,电影
5767,无意义/闲聊
5768,美食
5769,电影
5770,电影
5771,旅游
5772,电影
5773,电影
5774,电影
5775,交通
5776,其他生活服务
5777,电影
5778,电影
5779,美食
5780,电影
5781,电影
5782,电影
5783,电影
5784,电影
5785,其他生活服务
5786,电影
5787,电影
5788,电影
5789,其他生活服务
5790,电影
5791,电影
5792,电影
5793,电影
5794,电影
5795,旅游
5796,电影
5797,电影
5798,电影
5799,电影
5800,电影
5801,其他生活服务
5802,电影
5803,电影
5804,电影
5805,电影
5806,电影
5807,电影
5808,旅游
5809,旅游
5810,旅游
5811,旅游
5812,旅游
5813,地址/地标
5814,旅游
5815,旅游
5816,旅游
5817,旅游
5818,旅游
5819,旅游
5820,其他生活服务
5821,旅游
5822,旅游
5823,旅游
5824,旅游
5825,旅游
5826,旅游
5827,旅游
5828,旅游
5829,旅游
5830,旅游
5831,地址/地标
5832,旅游
5833,地址/地标
5834,旅游
5835,其他生活服务
5836,旅游
5837,旅游
5838,旅游
5839,旅游
5840,旅游
5841,旅游
5842,旅游
5843,旅游
5844,旅游
5845,旅游
5846,旅游
5847,旅游
5848,旅游
5849,旅游
5850,其他生活服务
5851,其他生活服务
5852,旅游
5853,旅游
5854,旅游
5855,旅游
5856,旅游
5857,旅游
5858,旅游
5859,旅游
5860,地址/地标
5861,旅游
5862,旅游
5863,旅游
5864,旅游
5865,旅游
5866,旅游
5867,电影
5868,旅游
5869,其他生活服务
5870,旅游
5871,旅游
5872,旅游
5873,旅游
5874,旅游
5875,旅游
5876,旅游
5877,旅游
5878,旅游
5879,旅游
5880,旅游
5881,旅游
5882,旅游
5883,旅游
5884,旅游
5885,旅游
5886,旅游
5887,旅游
5888,旅游
5889,地址/地标
5890,旅游
5891,旅游
5892,旅游
5893,旅游
5894,旅游
5895,地址/地标
5896,旅游
5897,旅游
5898,旅游
5899,旅游
5900,旅游
5901,旅游
5902,其他生活服务
5903,旅游
5904,旅游
5905,旅游
5906,旅游
5907,旅游
5908,旅游
5909,旅游
5910,旅游
5911,旅游
5912,旅游
5913,旅游
5914,其他生活服务
5915,旅游
5916,旅游
5917,旅游
5918,旅游
5919,旅游
5920,旅游
5921,旅游
5922,地址/地标
5923,其他生活服务
5924,旅游
5925,旅游
5926,旅游
5927,旅游
5928,旅游
5929,地址/地标
5930,旅游
5931,旅游
5932,旅游
5933,旅游
5934,旅游
5935,旅游
5936,旅游
5937,旅游
5938,旅游
5939,旅游
5940,旅游
5941,旅游
5942,旅游
5943,旅游
5944,旅游
5945,旅游
5946,旅游
5947,旅游
5948,旅游
5949,地址/地标
5950,旅游
5951,旅游
5952,旅游
5953,旅游
5954,旅游
5955,旅游
5956,旅游
5957,旅游
5958,旅游
5959,旅游
5960,旅游
5961,旅游
5962,电影
5963,旅游
5964,其他生活服务
5965,旅游
5966,旅游
5967,旅游
5968,旅游
5969,旅游
5970,其他生活服务
5971,旅游
5972,旅游
5973,旅游
5974,旅游
5975,旅游
5976,其他生活服务
5977,旅游
5978,旅游
5979,旅游
5980,地址/地标
5981,旅游
5982,旅游
5983,旅游
5984,旅游
5985,旅游
5986,旅游
5987,旅游
5988,旅游
5989,旅游
5990,旅游
5991,旅游
5992,旅游
5993,旅游
5994,旅游
5995,旅游
5996,旅游
5997,旅游
5998,旅游
5999,旅游
6000,旅游
6001,旅游
6002,旅游
6003,旅游
6004,旅游
6005,旅游
6006,旅游
6007,旅游
6008,旅游
6009,旅游
6010,地址/地标
6011,旅游
6012,旅游
6013,旅游
6014,旅游
6015,其他生活服务
6016,旅游
6017,旅游
6018,旅游
6019,旅游
6020,旅游
6021,旅游
6022,旅游
6023,旅游
6024,旅游
6025,旅游
6026,旅游
6027,旅游
6028,旅游
6029,旅游
6030,旅游
6031,旅游
6032,旅游
6033,旅游
6034,旅游
6035,旅游
6036,旅游
6037,旅游
6038,旅游
6039,旅游
6040,电影
6041,旅游
6042,旅游
6043,旅游
6044,旅游
6045,旅游
6046,旅游
6047,旅游
6048,旅游
6049,旅游
6050,旅游
6051,旅游
6052,旅游
6053,旅游
6054,旅游
6055,旅游
6056,旅游
6057,旅游
6058,旅游
6059,旅游
6060,旅游
6061,旅游
6062,旅游
6063,旅游
6064,旅游
6065,旅游
6066,旅游
6067,其他生活服务
6068,旅游
6069,旅游
6070,旅游
6071,旅游
6072,旅游
6073,旅游
6074,旅游
6075,旅游
6076,旅游
6077,旅游
6078,旅游
6079,旅游
6080,旅游
6081,旅游
6082,旅游
6083,旅游
6084,地址/地标
6085,旅游
6086,旅游
6087,旅游
6088,旅游
6089,旅游
6090,旅游
6091,旅游
6092,旅游
6093,旅游
6094,其他生活服务
6095,旅游
6096,旅游
6097,旅游
6098,旅游
6099,旅游
6100,旅游
6101,旅游
6102,旅游
6103,电影
6104,美食
6105,旅游
6106,旅游
6107,旅游
6108,旅游
6109,旅游
6110,旅游
6111,旅游
6112,旅游
6113,旅游
6114,旅游
6115,旅游
6116,旅游
6117,旅游
6118,电影
6119,旅游
6120,旅游
6121,其他生活服务
6122,旅游
6123,旅游
6124,旅游
6125,旅游
6126,旅游
6127,旅游
6128,旅游
6129,无意义/闲聊
6130,旅游
6131,旅游
6132,旅游
6133,旅游
6134,旅游
6135,旅游
6136,旅游
6137,旅游
6138,旅游
6139,旅游
6140,旅游
6141,旅游
6142,旅游
6143,旅游
6144,旅游
6145,旅游
6146,旅游
6147,旅游
6148,旅游
6149,旅游
6150,旅游
6151,旅游
6152,旅游
6153,旅游
6154,旅游
6155,旅游
6156,旅游
6157,旅游
6158,地址/地标
6159,旅游
6160,旅游
6161,旅游
6162,旅游
6163,旅游
6164,旅游
6165,旅游
6166,其他生活服务
6167,旅游
6168,旅游
6169,旅游
6170,旅游
6171,旅游
6172,旅游
6173,旅游
6174,地址/地标
6175,其他生活服务
6176,旅游
6177,旅游
6178,无意义/闲聊
6179,旅游
6180,旅游
6181,旅游
6182,旅游
6183,旅游
6184,其他生活服务
6185,旅游
6186,旅游
6187,旅游
6188,旅游
6189,旅游
6190,旅游
6191,旅游
6192,旅游
6193,旅游
6194,旅游
6195,旅游
6196,旅游
6197,旅游
6198,地址/地标
6199,旅游
6200,旅游
6201,美食
6202,旅游
6203,旅游
6204,旅游
6205,旅游
6206,旅游
6207,旅游
6208,旅游
6209,地址/地标
6210,旅游
6211,旅游
6212,旅游
6213,旅游
6214,美食
6215,旅游
6216,旅游
6217,旅游
6218,旅游
6219,旅游
6220,旅游
6221,交通
6222,交通
6223,交通
6224,交通
6225,交通
6226,交通
6227,交通
6228,交通
6229,交通
6230,交通
6231,交通
6232,交通
6233,交通
6234,交通
6235,交通
6236,交通
6237,交通
6238,交通
6239,交通
6240,交通
6241,交通
6242,交通
6243,交通
6244,交通
6245,交通
6246,交通
6247,交通
6248,交通
6249,交通
6250,交通
6251,交通
6252,交通
6253,交通
6254,交通
6255,交通
6256,交通
6257,交通
6258,交通
6259,交通
6260,交通
6261,交通
6262,交通
6263,交通
6264,交通
6265,交通
6266,交通
6267,美食
6268,交通
6269,交通
6270,交通
6271,交通
6272,交通
6273,交通
6274,交通
6275,交通
6276,地址/地标
6277,交通
6278,交通
6279,交通
6280,交通
6281,交通
6282,交通
6283,交通
6284,交通
6285,交通
6286,交通
6287,交通
6288,交通
6289,交通
6290,交通
6291,交通
6292,交通
6293,交通
6294,交通
6295,电影
6296,交通
6297,交通
6298,交通
6299,交通
6300,交通
6301,交通
6302,交通
6303,交通
6304,交通
6305,交通
6306,交通
6307,交通
6308,交通
6309,交通
6310,交通
6311,交通
6312,交通
6313,交通
6314,交通
6315,交通
6316,交通
6317,交通
6318,旅游
6319,无意义/闲聊
6320,交通
6321,交通
6322,交通
6323,交通
6324,交通
6325,交通
6326,交通
6327,交通
6328,交通
6329,交通
6330,旅游
6331,交通
6332,交通
6333,交通
6334,交通
6335,交通
6336,交通
6337,交通
6338,交通
6339,交通
6340,交通
6341,交通
6342,交通
6343,交通
6344,交通
6345,交通
6346,交通
6347,交通
6348,交通
6349,交通
6350,交通
6351,交通
6352,交通
6353,交通
6354,交通
6355,无意义/闲聊
6356,交通
6357,交通
6358,交通
6359,交通
6360,交通
6361,交通
6362,交通
6363,交通
6364,交通
6365,交通
6366,交通
6367,交通
6368,交通
6369,交通
6370,交通
6371,交通
6372,交通
6373,交通
6374,交通
6375,交通
6376,交通
6377,交通
6378,交通
6379,交通
6380,交通
6381,交通
6382,其他生活服务
6383,交通
6384,交通
6385,交通
6386,交通
6387,交通
6388,交通
6389,交通
6390,交通
6391,交通
6392,交通
6393,交通
6394,交通
6395,交通
6396,交通
6397,交通
6398,交通
6399,交通
6400,交通
6401,交通
6402,交通
6403,交通
6404,交通
6405,交通
6406,美食
6407,交通
6408,交通
6409,交通
6410,交通
6411,交通
6412,交通
6413,交通
6414,交通
6415,交通
6416,交通
6417,交通
6418,交通
6419,交通
6420,交通
6421,交通
6422,交通
6423,交通
6424,交通
6425,交通
6426,交通
6427,交通
6428,交通
6429,交通
6430,交通
6431,美食
6432,交通
6433,交通
6434,交通
6435,交通
6436,交通
6437,交通
6438,交通
6439,交通
6440,交通
6441,交通
6442,交通
6443,交通
6444,交通
6445,交通
6446,交通
6447,交通
6448,交通
6449,交通
6450,交通
6451,交通
6452,交通
6453,交通
6454,交通
6455,交通
6456,交通
6457,交通
6458,交通
6459,交通
6460,交通
6461,交通
6462,交通
6463,交通
6464,交通
6465,交通
6466,交通
6467,交通
6468,交通
6469,交通
6470,交通
6471,交通
6472,交通
6473,交通
6474,美食
6475,其他生活服务
6476,交通
6477,交通
6478,交通
6479,交通
6480,交通
6481,交通
6482,交通
6483,交通
6484,交通
6485,交通
6486,交通
6487,交通
6488,交通
6489,交通
6490,交通
6491,交通
6492,交通
6493,交通
6494,交通
6495,交通
6496,交通
6497,交通
6498,交通
6499,交通
6500,交通
6501,交通
6502,交通
6503,交通
6504,交通
6505,交通
6506,交通
6507,交通
6508,交通
6509,交通
6510,交通
6511,交通
6512,交通
6513,交通
6514,交通
6515,交通
6516,交通
6517,交通
6518,交通
6519,交通
6520,交通
6521,交通
6522,交通
6523,交通
6524,交通
6525,电影
6526,交通
6527,交通
6528,交通
6529,交通
6530,交通
6531,交通
6532,交通
6533,交通
6534,交通
6535,交通
6536,交通
6537,交通
6538,交通
6539,交通
6540,交通
6541,交通
6542,交通
6543,交通
6544,交通
6545,交通
6546,交通
6547,交通
6548,交通
6549,交通
6550,交通
6551,交通
6552,交通
6553,美食
6554,交通
6555,交通
6556,交通
6557,交通
6558,交通
6559,交通
6560,交通
6561,交通
6562,交通
6563,交通
6564,交通
6565,交通
6566,交通
6567,交通
6568,交通
6569,交通
6570,交通
6571,交通
6572,交通
6573,交通
6574,交通
6575,美食
6576,交通
6577,交通
6578,交通
6579,交通
6580,交通
6581,交通
6582,交通
6583,无意义/闲聊
6584,交通
6585,交通
6586,交通
6587,交通
6588,交通
6589,交通
6590,交通
6591,交通
6592,住宿
6593,交通
6594,交通
6595,交通
6596,交通
6597,交通
6598,交通
6599,交通
6600,交通
6601,交通
6602,交通
6603,交通
6604,交通
6605,交通
6606,交通
6607,交通
6608,交通
6609,交通
6610,交通
6611,交通
6612,交通
6613,交通
6614,交通
6615,交通
6616,交通
6617,交通
6618,交通
6619,交通
6620,交通
6621,交通
6622,交通
6623,交通
6624,交通
6625,交通
6626,交通
6627,交通
6628,电影
6629,交通
6630,交通
6631,交通
6632,交通
6633,交通
6634,交通
6635,交通
6636,交通
6637,交通
6638,交通
6639,交通
6640,交通
6641,交通
6642,交通
6643,交通
6644,交通
6645,交通
6646,交通
6647,交通
6648,交通
6649,交通
6650,交通
6651,交通
6652,交通
6653,交通
6654,交通
6655,交通
6656,交通
6657,交通
6658,交通
6659,交通
6660,交通
6661,交通
6662,交通
6663,交通
6664,交通
6665,交通
6666,交通
6667,交通
6668,交通
6669,交通
6670,交通
6671,交通
6672,交通
6673,交通
6674,交通
6675,交通
6676,交通
6677,交通
6678,交通
6679,交通
6680,交通
6681,交通
6682,交通
6683,交通
6684,交通
6685,交通
6686,交通
6687,交通
6688,交通
6689,交通
6690,交通
6691,交通
6692,交通
6693,交通
6694,交通
6695,交通
6696,交通
6697,交通
6698,交通
6699,交通
6700,交通
6701,交通
6702,交通
6703,交通
6704,交通
6705,交通
6706,交通
6707,交通
6708,交通
6709,交通
6710,交通
6711,交通
6712,交通
6713,交通
6714,交通
6715,交通
6716,交通
6717,交通
6718,交通
6719,交通
6720,交通
6721,交通
6722,交通
6723,交通
6724,交通
6725,交通
6726,交通
6727,交通
6728,交通
6729,美食
6730,交通
6731,交通
6732,交通
6733,交通
6734,交通
6735,交通
6736,交通
6737,交通
6738,交通
6739,交通
6740,交通
6741,交通
6742,交通
6743,交通
6744,交通
6745,交通
6746,交通
6747,交通
6748,交通
6749,交通
6750,交通
6751,交通
6752,交通
6753,交通
6754,交通
6755,交通
6756,交通
6757,交通
6758,交通
6759,交通
6760,交通
6761,交通
6762,交通
6763,交通
6764,交通
6765,交通
6766,交通
6767,交通
6768,交通
6769,交通
6770,交通
6771,交通
6772,交通
6773,交通
6774,交通
6775,交通
6776,交通
6777,交通
6778,交通
6779,交通
6780,交通
6781,交通
6782,交通
6783,交通
6784,交通
6785,交通
6786,交通
6787,交通
6788,交通
6789,交通
6790,交通
6791,交通
6792,交通
6793,交通
6794,交通
6795,交通
6796,交通
6797,交通
6798,交通
6799,交通
6800,交通
6801,交通
6802,交通
6803,交通
6804,交通
6805,交通
6806,交通
6807,交通
6808,交通
6809,交通
6810,交通
6811,交通
6812,交通
6813,交通
6814,交通
6815,交通
6816,交通
6817,交通
6818,交通
6819,交通
6820,交通
6821,交通
6822,交通
6823,交通
6824,交通
6825,交通
6826,交通
6827,交通
6828,交通
6829,交通
6830,交通
6831,交通
6832,交通
6833,交通
6834,交通
6835,交通
6836,交通
6837,交通
6838,交通
6839,交通
6840,交通
6841,交通
6842,交通
6843,交通
6844,交通
6845,交通
6846,交通
6847,交通
6848,交通
6849,交通
6850,交通
6851,交通
6852,交通
6853,交通
6854,交通
6855,交通
6856,交通
6857,交通
6858,交通
6859,交通
6860,交通
6861,交通
6862,交通
6863,交通
6864,交通
6865,交通
6866,交通
6867,交通
6868,交通
6869,交通
6870,交通
6871,交通
6872,交通
6873,交通
6874,交通
6875,交通
6876,交通
6877,交通
6878,交通
6879,交通
6880,交通
6881,交通
6882,交通
6883,交通
6884,交通
6885,交通
6886,交通
6887,交通
6888,交通
6889,交通
6890,交通
6891,交通
6892,交通
6893,交通
6894,交通
6895,旅游
6896,交通
6897,交通
6898,交通
6899,交通
6900,交通
6901,交通
6902,交通
6903,交通
6904,交通
6905,交通
6906,交通
6907,交通
6908,交通
6909,无意义/闲聊
6910,交通
6911,交通
6912,交通
6913,交通
6914,交通
6915,交通
6916,交通
6917,交通
6918,交通
6919,交通
6920,交通
6921,交通
6922,交通
6923,交通
6924,交通
6925,交通
6926,交通
6927,交通
6928,交通
6929,交通
6930,交通
6931,交通
6932,交通
6933,交通
6934,交通
6935,交通
6936,交通
6937,交通
6938,交通
6939,交通
6940,交通
6941,交通
6942,交通
6943,交通
6944,交通
6945,交通
6946,交通
6947,交通
6948,交通
6949,交通
6950,交通
6951,交通
6952,交通
6953,交通
6954,交通
6955,交通
6956,交通
6957,交通
6958,交通
6959,交通
6960,交通
6961,交通
6962,交通
6963,交通
6964,交通
6965,交通
6966,交通
6967,交通
6968,交通
6969,交通
6970,交通
6971,交通
6972,交通
6973,交通
6974,交通
6975,交通
6976,交通
6977,交通
6978,交通
6979,交通
6980,交通
6981,交通
6982,交通
6983,交通
6984,交通
6985,交通
6986,交通
6987,交通
6988,交通
6989,交通
6990,交通
6991,交通
6992,交通
6993,交通
6994,交通
6995,交通
6996,交通
6997,交通
6998,交通
6999,交通
7000,交通
7001,交通
7002,交通
7003,交通
7004,交通
7005,交通
7006,交通
7007,交通
7008,交通
7009,交通
7010,交通
7011,交通
7012,交通
7013,交通
7014,交通
7015,交通
7016,交通
7017,交通
7018,交通
7019,交通
7020,交通
7021,交通
7022,交通
7023,交通
7024,交通
7025,交通
7026,交通
7027,交通
7028,交通
7029,交通
7030,交通
7031,交通
7032,交通
7033,交通
7034,交通
7035,交通
7036,交通
7037,交通
7038,交通
7039,交通
7040,交通
7041,交通
7042,交通
7043,交通
7044,交通
7045,交通
7046,交通
7047,交通
7048,交通
7049,交通
7050,交通
7051,交通
7052,交通
7053,交通
7054,交通
7055,交通
7056,交通
7057,交通
7058,交通
7059,交通
7060,交通
7061,交通
7062,交通
7063,交通
7064,交通
7065,交通
7066,交通
7067,交通
7068,交通
7069,交通
7070,交通
7071,交通
7072,交通
7073,交通
7074,交通
7075,交通
7076,交通
7077,交通
7078,交通
7079,交通
7080,交通
7081,交通
7082,交通
7083,交通
7084,交通
7085,交通
7086,交通
7087,交通
7088,其他生活服务
7089,交通
7090,交通
7091,交通
7092,交通
7093,交通
7094,交通
7095,交通
7096,交通
7097,交通
7098,交通
7099,交通
7100,交通
7101,交通
7102,交通
7103,交通
7104,交通
7105,交通
7106,交通
7107,交通
7108,交通
7109,交通
7110,交通
7111,交通
7112,交通
7113,交通
7114,交通
7115,交通
7116,交通
7117,交通
7118,交通
7119,交通
7120,交通
7121,交通
7122,交通
7123,交通
7124,交通
7125,交通
7126,交通
7127,交通
7128,交通
7129,交通
7130,交通
7131,交通
7132,交通
7133,交通
7134,交通
7135,交通
7136,交通
7137,交通
7138,交通
7139,交通
7140,交通
7141,交通
7142,旅游
7143,交通
7144,交通
7145,交通
7146,交通
7147,交通
7148,交通
7149,交通
